OTU,Sample,Abundance,ID,Type,Sites,Day,Treatment,Treatment1,Treatment2,sample_Order,Domain,Phylum,Proteobacteria
HM061888.1.1473,D0.13,1300,D0.13,16S rDNA,02.D0_10kPa ,0,No_Urea_10kPa,2. No urea,LM,04.d,Bacteria,p_Acidobacteria,1937
HM061888.1.1473,D0.14,1356,D0.14,16S rDNA,02.D0_10kPa ,0,No_Urea_10kPa,2. No urea,LM,05.d,Bacteria,p_Acidobacteria,2190
HM061888.1.1473,D0.15,1391,D0.15,16S rDNA,02.D0_10kPa ,0,No_Urea_10kPa,2. No urea,LM,06.d,Bacteria,p_Acidobacteria,2180
HM061888.1.1473,D7.13,1355,D7.13,16S rDNA,03.D7_10kPa ,7,No_Urea_10kPa,2. No urea,LM,07.d,Bacteria,p_Acidobacteria,2074
HM061888.1.1473,D7.14,1317,D7.14,16S rDNA,03.D7_10kPa ,7,No_Urea_10kPa,2. No urea,LM,08.d,Bacteria,p_Acidobacteria,2360
HM061888.1.1473,D7.15,1371,D7.15,16S rDNA,03.D7_10kPa ,7,No_Urea_10kPa,2. No urea,LM,09.d,Bacteria,p_Acidobacteria,2135
HM061888.1.1473,D21.16,1251,D21.16,16S rDNA,04.D21_10kPa ,21,No_Urea_10kPa,2. No urea,LM,10.d,Bacteria,p_Acidobacteria,2049
HM061888.1.1473,D63.13,1277,D63.13,16S rDNA,05.D63_10kPa ,63,No_Urea_10kPa,2. No urea,LM,11.d,Bacteria,p_Acidobacteria,2005
HM061888.1.1473,D63.14,1135,D63.14,16S rDNA,05.D63_10kPa ,63,No_Urea_10kPa,2. No urea,LM,12.d,Bacteria,p_Acidobacteria,1901
HM061888.1.1473,D63.15,1293,D63.15,16S rDNA,05.D63_10kPa ,63,No_Urea_10kPa,2. No urea,LM,13.d,Bacteria,p_Acidobacteria,1983
HM061888.1.1473,D0.09,1182,D0.09,16S rDNA,06.D0_1kPa ,0,No_Urea_1.0kPa,2. No urea,HM,14.d,Bacteria,p_Acidobacteria,1897
HM061888.1.1473,D0.10,1314,D0.10,16S rDNA,06.D0_1kPa ,0,No_Urea_1.0kPa,2. No urea,HM,15.d,Bacteria,p_Acidobacteria,2323
HM061888.1.1473,D0.11,1296,D0.11,16S rDNA,06.D0_1kPa ,0,No_Urea_1.0kPa,2. No urea,HM,16.d,Bacteria,p_Acidobacteria,2370
HM061888.1.1473,D7.09,1383,D7.09,16S rDNA,07.D7_1kPa ,7,No_Urea_1.0kPa,2. No urea,HM,17.d,Bacteria,p_Acidobacteria,1961
HM061888.1.1473,D7.10,1387,D7.10,16S rDNA,07.D7_1kPa ,7,No_Urea_1.0kPa,2. No urea,HM,18.d,Bacteria,p_Acidobacteria,2103
HM061888.1.1473,D7.11,1386,D7.11,16S rDNA,07.D7_1kPa ,7,No_Urea_1.0kPa,2. No urea,HM,19.d,Bacteria,p_Acidobacteria,2261
HM061888.1.1473,D21.09,1408,D21.09,16S rDNA,08.D21_1kPa ,21,No_Urea_1.0kPa,2. No urea,HM,20.d,Bacteria,p_Acidobacteria,2077
HM061888.1.1473,D21.10,1358,D21.10,16S rDNA,08.D21_1kPa ,21,No_Urea_1.0kPa,2. No urea,HM,21.d,Bacteria,p_Acidobacteria,2165
HM061888.1.1473,D21.11,1376,D21.11,16S rDNA,08.D21_1kPa ,21,No_Urea_1.0kPa,2. No urea,HM,22.d,Bacteria,p_Acidobacteria,2229
HM061888.1.1473,D63.09,1246,D63.09,16S rDNA,09.D63_1kPa ,63,No_Urea_1.0kPa,2. No urea,HM,23.d,Bacteria,p_Acidobacteria,2249
HM061888.1.1473,D63.10,1308,D63.10,16S rDNA,09.D63_1kPa ,63,No_Urea_1.0kPa,2. No urea,HM,24.d,Bacteria,p_Acidobacteria,2077
HM061888.1.1473,D63.11,1290,D63.11,16S rDNA,09.D63_1kPa ,63,No_Urea_1.0kPa,2. No urea,HM,25.d,Bacteria,p_Acidobacteria,1917
HM061888.1.1473,D0.05,1193,D0.05,16S rDNA,10.D0_10kPa_N,0,Urea_10kPa,1. urea,LM,26.d,Bacteria,p_Acidobacteria,1978
HM061888.1.1473,D0.07,1195,D0.07,16S rDNA,10.D0_10kPa_N,0,Urea_10kPa,1. urea,LM,27.d,Bacteria,p_Acidobacteria,2430
HM061888.1.1473,D0.08,1188,D0.08,16S rDNA,10.D0_10kPa_N,0,Urea_10kPa,1. urea,LM,28.d,Bacteria,p_Acidobacteria,1781
HM061888.1.1473,D7.08,506,D7.08,16S rDNA,11.D7_10kPa_N,7,Urea_10kPa,1. urea,LM,29.d,Bacteria,p_Acidobacteria,1596
HM061888.1.1473,D14.06,378,D14.06,16S rDNA,12.D14_10kPa_N,14,Urea_10kPa,1. urea,LM,30.d,Bacteria,p_Acidobacteria,2737
HM061888.1.1473,D14.07,386,D14.07,16S rDNA,12.D14_10kPa_N,14,Urea_10kPa,1. urea,LM,31.d,Bacteria,p_Acidobacteria,2539
HM061888.1.1473,D14.08,406,D14.08,16S rDNA,12.D14_10kPa_N,14,Urea_10kPa,1. urea,LM,32.d,Bacteria,p_Acidobacteria,2438
HM061888.1.1473,D21.08,537,D21.08,16S rDNA,13.D21_10kPa_N,21,Urea_10kPa,1. urea,LM,33.d,Bacteria,p_Acidobacteria,2409
HM061888.1.1473,D35.05,335,D35.05,16S rDNA,14.D35_10kPa_N,35,Urea_10kPa,1. urea,LM,34.d,Bacteria,p_Acidobacteria,2508
HM061888.1.1473,D35.06,260,D35.06,16S rDNA,14.D35_10kPa_N,35,Urea_10kPa,1. urea,LM,35.d,Bacteria,p_Acidobacteria,2636
HM061888.1.1473,D35.07,379,D35.07,16S rDNA,14.D35_10kPa_N,35,Urea_10kPa,1. urea,LM,36.d,Bacteria,p_Acidobacteria,2559
HM061888.1.1473,D63.05,457,D63.05,16S rDNA,15.D63_10kPa_N,63,Urea_10kPa,1. urea,LM,37.d,Bacteria,p_Acidobacteria,2781
HM061888.1.1473,D63.06,355,D63.06,16S rDNA,15.D63_10kPa_N,63,Urea_10kPa,1. urea,LM,38.d,Bacteria,p_Acidobacteria,2855
HM061888.1.1473,D63.07,265,D63.07,16S rDNA,15.D63_10kPa_N,63,Urea_10kPa,1. urea,LM,39.d,Bacteria,p_Acidobacteria,3360
HM061888.1.1473,D0.01,1204,D0.01,16S rDNA,16.D0_1kPa_N,0,Urea_1.0kPa,1. urea,HM,40.d,Bacteria,p_Acidobacteria,2056
HM061888.1.1473,D0.02,1197,D0.02,16S rDNA,16.D0_1kPa_N,0,Urea_1.0kPa,1. urea,HM,41.d,Bacteria,p_Acidobacteria,2328
HM061888.1.1473,D0.03,1326,D0.03,16S rDNA,16.D0_1kPa_N,0,Urea_1.0kPa,1. urea,HM,42.d,Bacteria,p_Acidobacteria,2227
HM061888.1.1473,D7.01,730,D7.01,16S rDNA,17.D7_1kPa_N,7,Urea_1.0kPa,1. urea,HM,43.d,Bacteria,p_Acidobacteria,2413
HM061888.1.1473,D7.02,563,D7.02,16S rDNA,17.D7_1kPa_N,7,Urea_1.0kPa,1. urea,HM,44.d,Bacteria,p_Acidobacteria,2084
HM061888.1.1473,D7.03,627,D7.03,16S rDNA,17.D7_1kPa_N,7,Urea_1.0kPa,1. urea,HM,45.d,Bacteria,p_Acidobacteria,1978
HM061888.1.1473,D14.02,571,D14.02,16S rDNA,18.D14_1kPa_N,14,Urea_1.0kPa,1. urea,HM,46.d,Bacteria,p_Acidobacteria,2736
HM061888.1.1473,D14.03,746,D14.03,16S rDNA,18.D14_1kPa_N,14,Urea_1.0kPa,1. urea,HM,47.d,Bacteria,p_Acidobacteria,2211
HM061888.1.1473,D14.04,482,D14.04,16S rDNA,18.D14_1kPa_N,14,Urea_1.0kPa,1. urea,HM,48.d,Bacteria,p_Acidobacteria,2779
HM061888.1.1473,D21.01,449,D21.01,16S rDNA,19.D21_1kPa_N,21,Urea_1.0kPa,1. urea,HM,49.d,Bacteria,p_Acidobacteria,2599
HM061888.1.1473,D21.04,716,D21.04,16S rDNA,19.D21_1kPa_N,21,Urea_1.0kPa,1. urea,HM,50.d,Bacteria,p_Acidobacteria,2932
HM061888.1.1473,D35.01,244,D35.01,16S rDNA,20.D35_1kPa_N,35,Urea_1.0kPa,1. urea,HM,52.d,Bacteria,p_Acidobacteria,2969
HM061888.1.1473,D35.02,241,D35.02,16S rDNA,20.D35_1kPa_N,35,Urea_1.0kPa,1. urea,HM,53.d,Bacteria,p_Acidobacteria,3043
HM061888.1.1473,D35.03,318,D35.03,16S rDNA,20.D35_1kPa_N,35,Urea_1.0kPa,1. urea,HM,54.d,Bacteria,p_Acidobacteria,2579
HM061888.1.1473,D63.01,467,D63.01,16S rDNA,21.D63_1kPa_N,63,Urea_1.0kPa,1. urea,HM,55.d,Bacteria,p_Acidobacteria,2847
HM061888.1.1473,D63.02,414,D63.02,16S rDNA,21.D63_1kPa_N,63,Urea_1.0kPa,1. urea,HM,56.d,Bacteria,p_Acidobacteria,3495
,D0.13,250,D0.13,16S rDNA,02.D0_10kPa ,0,No_Urea_10kPa,2. No urea,LM,04.d,Bacteria,p_Actinobacteria,
,D0.14,298,D0.14,16S rDNA,02.D0_10kPa ,0,No_Urea_10kPa,2. No urea,LM,05.d,Bacteria,p_Actinobacteria,
,D0.15,224,D0.15,16S rDNA,02.D0_10kPa ,0,No_Urea_10kPa,2. No urea,LM,06.d,Bacteria,p_Actinobacteria,
,D7.13,324,D7.13,16S rDNA,03.D7_10kPa ,7,No_Urea_10kPa,2. No urea,LM,07.d,Bacteria,p_Actinobacteria,
,D7.14,227,D7.14,16S rDNA,03.D7_10kPa ,7,No_Urea_10kPa,2. No urea,LM,08.d,Bacteria,p_Actinobacteria,
,D7.15,276,D7.15,16S rDNA,03.D7_10kPa ,7,No_Urea_10kPa,2. No urea,LM,09.d,Bacteria,p_Actinobacteria,
,D21.16,260,D21.16,16S rDNA,04.D21_10kPa ,21,No_Urea_10kPa,2. No urea,LM,10.d,Bacteria,p_Actinobacteria,
,D63.13,300,D63.13,16S rDNA,05.D63_10kPa ,63,No_Urea_10kPa,2. No urea,LM,11.d,Bacteria,p_Actinobacteria,
,D63.14,225,D63.14,16S rDNA,05.D63_10kPa ,63,No_Urea_10kPa,2. No urea,LM,12.d,Bacteria,p_Actinobacteria,
,D63.15,349,D63.15,16S rDNA,05.D63_10kPa ,63,No_Urea_10kPa,2. No urea,LM,13.d,Bacteria,p_Actinobacteria,
,D0.09,239,D0.09,16S rDNA,06.D0_1kPa ,0,No_Urea_1.0kPa,2. No urea,HM,14.d,Bacteria,p_Actinobacteria,
,D0.10,287,D0.10,16S rDNA,06.D0_1kPa ,0,No_Urea_1.0kPa,2. No urea,HM,15.d,Bacteria,p_Actinobacteria,
,D0.11,331,D0.11,16S rDNA,06.D0_1kPa ,0,No_Urea_1.0kPa,2. No urea,HM,16.d,Bacteria,p_Actinobacteria,
,D7.09,234,D7.09,16S rDNA,07.D7_1kPa ,7,No_Urea_1.0kPa,2. No urea,HM,17.d,Bacteria,p_Actinobacteria,
,D7.10,319,D7.10,16S rDNA,07.D7_1kPa ,7,No_Urea_1.0kPa,2. No urea,HM,18.d,Bacteria,p_Actinobacteria,
,D7.11,430,D7.11,16S rDNA,07.D7_1kPa ,7,No_Urea_1.0kPa,2. No urea,HM,19.d,Bacteria,p_Actinobacteria,
,D21.09,297,D21.09,16S rDNA,08.D21_1kPa ,21,No_Urea_1.0kPa,2. No urea,HM,20.d,Bacteria,p_Actinobacteria,
,D21.10,287,D21.10,16S rDNA,08.D21_1kPa ,21,No_Urea_1.0kPa,2. No urea,HM,21.d,Bacteria,p_Actinobacteria,
,D21.11,231,D21.11,16S rDNA,08.D21_1kPa ,21,No_Urea_1.0kPa,2. No urea,HM,22.d,Bacteria,p_Actinobacteria,
,D63.09,272,D63.09,16S rDNA,09.D63_1kPa ,63,No_Urea_1.0kPa,2. No urea,HM,23.d,Bacteria,p_Actinobacteria,
,D63.10,288,D63.10,16S rDNA,09.D63_1kPa ,63,No_Urea_1.0kPa,2. No urea,HM,24.d,Bacteria,p_Actinobacteria,
,D63.11,268,D63.11,16S rDNA,09.D63_1kPa ,63,No_Urea_1.0kPa,2. No urea,HM,25.d,Bacteria,p_Actinobacteria,
,D0.05,246,D0.05,16S rDNA,10.D0_10kPa_N,0,Urea_10kPa,1. urea,LM,26.d,Bacteria,p_Actinobacteria,
,D0.07,359,D0.07,16S rDNA,10.D0_10kPa_N,0,Urea_10kPa,1. urea,LM,27.d,Bacteria,p_Actinobacteria,
,D0.08,293,D0.08,16S rDNA,10.D0_10kPa_N,0,Urea_10kPa,1. urea,LM,28.d,Bacteria,p_Actinobacteria,
,D7.08,213,D7.08,16S rDNA,11.D7_10kPa_N,7,Urea_10kPa,1. urea,LM,29.d,Bacteria,p_Actinobacteria,
,D14.06,976,D14.06,16S rDNA,12.D14_10kPa_N,14,Urea_10kPa,1. urea,LM,30.d,Bacteria,p_Actinobacteria,
,D14.07,660,D14.07,16S rDNA,12.D14_10kPa_N,14,Urea_10kPa,1. urea,LM,31.d,Bacteria,p_Actinobacteria,
,D14.08,879,D14.08,16S rDNA,12.D14_10kPa_N,14,Urea_10kPa,1. urea,LM,32.d,Bacteria,p_Actinobacteria,
,D21.08,861,D21.08,16S rDNA,13.D21_10kPa_N,21,Urea_10kPa,1. urea,LM,33.d,Bacteria,p_Actinobacteria,
,D35.05,1154,D35.05,16S rDNA,14.D35_10kPa_N,35,Urea_10kPa,1. urea,LM,34.d,Bacteria,p_Actinobacteria,
,D35.06,1342,D35.06,16S rDNA,14.D35_10kPa_N,35,Urea_10kPa,1. urea,LM,35.d,Bacteria,p_Actinobacteria,
,D35.07,747,D35.07,16S rDNA,14.D35_10kPa_N,35,Urea_10kPa,1. urea,LM,36.d,Bacteria,p_Actinobacteria,
,D63.05,1100,D63.05,16S rDNA,15.D63_10kPa_N,63,Urea_10kPa,1. urea,LM,37.d,Bacteria,p_Actinobacteria,
,D63.06,1040,D63.06,16S rDNA,15.D63_10kPa_N,63,Urea_10kPa,1. urea,LM,38.d,Bacteria,p_Actinobacteria,
,D63.07,1225,D63.07,16S rDNA,15.D63_10kPa_N,63,Urea_10kPa,1. urea,LM,39.d,Bacteria,p_Actinobacteria,
,D0.01,461,D0.01,16S rDNA,16.D0_1kPa_N,0,Urea_1.0kPa,1. urea,HM,40.d,Bacteria,p_Actinobacteria,
,D0.02,484,D0.02,16S rDNA,16.D0_1kPa_N,0,Urea_1.0kPa,1. urea,HM,41.d,Bacteria,p_Actinobacteria,
,D0.03,425,D0.03,16S rDNA,16.D0_1kPa_N,0,Urea_1.0kPa,1. urea,HM,42.d,Bacteria,p_Actinobacteria,
,D7.01,303,D7.01,16S rDNA,17.D7_1kPa_N,7,Urea_1.0kPa,1. urea,HM,43.d,Bacteria,p_Actinobacteria,
,D7.02,224,D7.02,16S rDNA,17.D7_1kPa_N,7,Urea_1.0kPa,1. urea,HM,44.d,Bacteria,p_Actinobacteria,
,D7.03,202,D7.03,16S rDNA,17.D7_1kPa_N,7,Urea_1.0kPa,1. urea,HM,45.d,Bacteria,p_Actinobacteria,
,D14.02,200,D14.02,16S rDNA,18.D14_1kPa_N,14,Urea_1.0kPa,1. urea,HM,46.d,Bacteria,p_Actinobacteria,
,D14.03,164,D14.03,16S rDNA,18.D14_1kPa_N,14,Urea_1.0kPa,1. urea,HM,47.d,Bacteria,p_Actinobacteria,
,D14.04,288,D14.04,16S rDNA,18.D14_1kPa_N,14,Urea_1.0kPa,1. urea,HM,48.d,Bacteria,p_Actinobacteria,
,D21.01,203,D21.01,16S rDNA,19.D21_1kPa_N,21,Urea_1.0kPa,1. urea,HM,49.d,Bacteria,p_Actinobacteria,
,D21.04,439,D21.04,16S rDNA,19.D21_1kPa_N,21,Urea_1.0kPa,1. urea,HM,50.d,Bacteria,p_Actinobacteria,
,D35.01,711,D35.01,16S rDNA,20.D35_1kPa_N,35,Urea_1.0kPa,1. urea,HM,52.d,Bacteria,p_Actinobacteria,
,D35.02,432,D35.02,16S rDNA,20.D35_1kPa_N,35,Urea_1.0kPa,1. urea,HM,53.d,Bacteria,p_Actinobacteria,
,D35.03,453,D35.03,16S rDNA,20.D35_1kPa_N,35,Urea_1.0kPa,1. urea,HM,54.d,Bacteria,p_Actinobacteria,
,D63.01,310,D63.01,16S rDNA,21.D63_1kPa_N,63,Urea_1.0kPa,1. urea,HM,55.d,Bacteria,p_Actinobacteria,
,D63.02,229,D63.02,16S rDNA,21.D63_1kPa_N,63,Urea_1.0kPa,1. urea,HM,56.d,Bacteria,p_Actinobacteria,
,D0.13,483,D0.13,16S rDNA,02.D0_10kPa ,0,No_Urea_10kPa,2. No urea,LM,04.d,Bacteria,p_Bacteroidetes,
,D0.14,359,D0.14,16S rDNA,02.D0_10kPa ,0,No_Urea_10kPa,2. No urea,LM,05.d,Bacteria,p_Bacteroidetes,
,D0.15,347,D0.15,16S rDNA,02.D0_10kPa ,0,No_Urea_10kPa,2. No urea,LM,06.d,Bacteria,p_Bacteroidetes,
,D7.13,312,D7.13,16S rDNA,03.D7_10kPa ,7,No_Urea_10kPa,2. No urea,LM,07.d,Bacteria,p_Bacteroidetes,
,D7.14,377,D7.14,16S rDNA,03.D7_10kPa ,7,No_Urea_10kPa,2. No urea,LM,08.d,Bacteria,p_Bacteroidetes,
,D7.15,276,D7.15,16S rDNA,03.D7_10kPa ,7,No_Urea_10kPa,2. No urea,LM,09.d,Bacteria,p_Bacteroidetes,
,D21.16,328,D21.16,16S rDNA,04.D21_10kPa ,21,No_Urea_10kPa,2. No urea,LM,10.d,Bacteria,p_Bacteroidetes,
,D63.13,273,D63.13,16S rDNA,05.D63_10kPa ,63,No_Urea_10kPa,2. No urea,LM,11.d,Bacteria,p_Bacteroidetes,
,D63.14,391,D63.14,16S rDNA,05.D63_10kPa ,63,No_Urea_10kPa,2. No urea,LM,12.d,Bacteria,p_Bacteroidetes,
,D63.15,282,D63.15,16S rDNA,05.D63_10kPa ,63,No_Urea_10kPa,2. No urea,LM,13.d,Bacteria,p_Bacteroidetes,
,D0.09,456,D0.09,16S rDNA,06.D0_1kPa ,0,No_Urea_1.0kPa,2. No urea,HM,14.d,Bacteria,p_Bacteroidetes,
,D0.10,318,D0.10,16S rDNA,06.D0_1kPa ,0,No_Urea_1.0kPa,2. No urea,HM,15.d,Bacteria,p_Bacteroidetes,
,D0.11,291,D0.11,16S rDNA,06.D0_1kPa ,0,No_Urea_1.0kPa,2. No urea,HM,16.d,Bacteria,p_Bacteroidetes,
,D7.09,294,D7.09,16S rDNA,07.D7_1kPa ,7,No_Urea_1.0kPa,2. No urea,HM,17.d,Bacteria,p_Bacteroidetes,
,D7.10,325,D7.10,16S rDNA,07.D7_1kPa ,7,No_Urea_1.0kPa,2. No urea,HM,18.d,Bacteria,p_Bacteroidetes,
,D7.11,207,D7.11,16S rDNA,07.D7_1kPa ,7,No_Urea_1.0kPa,2. No urea,HM,19.d,Bacteria,p_Bacteroidetes,
,D21.09,325,D21.09,16S rDNA,08.D21_1kPa ,21,No_Urea_1.0kPa,2. No urea,HM,20.d,Bacteria,p_Bacteroidetes,
,D21.10,366,D21.10,16S rDNA,08.D21_1kPa ,21,No_Urea_1.0kPa,2. No urea,HM,21.d,Bacteria,p_Bacteroidetes,
,D21.11,357,D21.11,16S rDNA,08.D21_1kPa ,21,No_Urea_1.0kPa,2. No urea,HM,22.d,Bacteria,p_Bacteroidetes,
,D63.09,368,D63.09,16S rDNA,09.D63_1kPa ,63,No_Urea_1.0kPa,2. No urea,HM,23.d,Bacteria,p_Bacteroidetes,
,D63.10,370,D63.10,16S rDNA,09.D63_1kPa ,63,No_Urea_1.0kPa,2. No urea,HM,24.d,Bacteria,p_Bacteroidetes,
,D63.11,345,D63.11,16S rDNA,09.D63_1kPa ,63,No_Urea_1.0kPa,2. No urea,HM,25.d,Bacteria,p_Bacteroidetes,
,D0.05,511,D0.05,16S rDNA,10.D0_10kPa_N,0,Urea_10kPa,1. urea,LM,26.d,Bacteria,p_Bacteroidetes,
,D0.07,348,D0.07,16S rDNA,10.D0_10kPa_N,0,Urea_10kPa,1. urea,LM,27.d,Bacteria,p_Bacteroidetes,
,D0.08,377,D0.08,16S rDNA,10.D0_10kPa_N,0,Urea_10kPa,1. urea,LM,28.d,Bacteria,p_Bacteroidetes,
,D7.08,731,D7.08,16S rDNA,11.D7_10kPa_N,7,Urea_10kPa,1. urea,LM,29.d,Bacteria,p_Bacteroidetes,
,D14.06,515,D14.06,16S rDNA,12.D14_10kPa_N,14,Urea_10kPa,1. urea,LM,30.d,Bacteria,p_Bacteroidetes,
,D14.07,717,D14.07,16S rDNA,12.D14_10kPa_N,14,Urea_10kPa,1. urea,LM,31.d,Bacteria,p_Bacteroidetes,
,D14.08,724,D14.08,16S rDNA,12.D14_10kPa_N,14,Urea_10kPa,1. urea,LM,32.d,Bacteria,p_Bacteroidetes,
,D21.08,611,D21.08,16S rDNA,13.D21_10kPa_N,21,Urea_10kPa,1. urea,LM,33.d,Bacteria,p_Bacteroidetes,
,D35.05,1043,D35.05,16S rDNA,14.D35_10kPa_N,35,Urea_10kPa,1. urea,LM,34.d,Bacteria,p_Bacteroidetes,
,D35.06,572,D35.06,16S rDNA,14.D35_10kPa_N,35,Urea_10kPa,1. urea,LM,35.d,Bacteria,p_Bacteroidetes,
,D35.07,1138,D35.07,16S rDNA,14.D35_10kPa_N,35,Urea_10kPa,1. urea,LM,36.d,Bacteria,p_Bacteroidetes,
,D63.05,622,D63.05,16S rDNA,15.D63_10kPa_N,63,Urea_10kPa,1. urea,LM,37.d,Bacteria,p_Bacteroidetes,
,D63.06,848,D63.06,16S rDNA,15.D63_10kPa_N,63,Urea_10kPa,1. urea,LM,38.d,Bacteria,p_Bacteroidetes,
,D63.07,577,D63.07,16S rDNA,15.D63_10kPa_N,63,Urea_10kPa,1. urea,LM,39.d,Bacteria,p_Bacteroidetes,
,D0.01,446,D0.01,16S rDNA,16.D0_1kPa_N,0,Urea_1.0kPa,1. urea,HM,40.d,Bacteria,p_Bacteroidetes,
,D0.02,293,D0.02,16S rDNA,16.D0_1kPa_N,0,Urea_1.0kPa,1. urea,HM,41.d,Bacteria,p_Bacteroidetes,
,D0.03,289,D0.03,16S rDNA,16.D0_1kPa_N,0,Urea_1.0kPa,1. urea,HM,42.d,Bacteria,p_Bacteroidetes,
,D7.01,969,D7.01,16S rDNA,17.D7_1kPa_N,7,Urea_1.0kPa,1. urea,HM,43.d,Bacteria,p_Bacteroidetes,
,D7.02,1014,D7.02,16S rDNA,17.D7_1kPa_N,7,Urea_1.0kPa,1. urea,HM,44.d,Bacteria,p_Bacteroidetes,
,D7.03,981,D7.03,16S rDNA,17.D7_1kPa_N,7,Urea_1.0kPa,1. urea,HM,45.d,Bacteria,p_Bacteroidetes,
,D14.02,1180,D14.02,16S rDNA,18.D14_1kPa_N,14,Urea_1.0kPa,1. urea,HM,46.d,Bacteria,p_Bacteroidetes,
,D14.03,1045,D14.03,16S rDNA,18.D14_1kPa_N,14,Urea_1.0kPa,1. urea,HM,47.d,Bacteria,p_Bacteroidetes,
,D14.04,1104,D14.04,16S rDNA,18.D14_1kPa_N,14,Urea_1.0kPa,1. urea,HM,48.d,Bacteria,p_Bacteroidetes,
,D21.01,1337,D21.01,16S rDNA,19.D21_1kPa_N,21,Urea_1.0kPa,1. urea,HM,49.d,Bacteria,p_Bacteroidetes,
,D21.04,663,D21.04,16S rDNA,19.D21_1kPa_N,21,Urea_1.0kPa,1. urea,HM,50.d,Bacteria,p_Bacteroidetes,
,D35.01,1431,D35.01,16S rDNA,20.D35_1kPa_N,35,Urea_1.0kPa,1. urea,HM,52.d,Bacteria,p_Bacteroidetes,
,D35.02,1629,D35.02,16S rDNA,20.D35_1kPa_N,35,Urea_1.0kPa,1. urea,HM,53.d,Bacteria,p_Bacteroidetes,
,D35.03,1690,D35.03,16S rDNA,20.D35_1kPa_N,35,Urea_1.0kPa,1. urea,HM,54.d,Bacteria,p_Bacteroidetes,
,D63.01,1321,D63.01,16S rDNA,21.D63_1kPa_N,63,Urea_1.0kPa,1. urea,HM,55.d,Bacteria,p_Bacteroidetes,
,D63.02,1006,D63.02,16S rDNA,21.D63_1kPa_N,63,Urea_1.0kPa,1. urea,HM,56.d,Bacteria,p_Bacteroidetes,
,D0.13,68,D0.13,16S rDNA,02.D0_10kPa ,0,No_Urea_10kPa,2. No urea,LM,04.d,Bacteria,p_Candidate division WS3,
,D0.14,98,D0.14,16S rDNA,02.D0_10kPa ,0,No_Urea_10kPa,2. No urea,LM,05.d,Bacteria,p_Candidate division WS3,
,D0.15,72,D0.15,16S rDNA,02.D0_10kPa ,0,No_Urea_10kPa,2. No urea,LM,06.d,Bacteria,p_Candidate division WS3,
,D7.13,93,D7.13,16S rDNA,03.D7_10kPa ,7,No_Urea_10kPa,2. No urea,LM,07.d,Bacteria,p_Candidate division WS3,
,D7.14,98,D7.14,16S rDNA,03.D7_10kPa ,7,No_Urea_10kPa,2. No urea,LM,08.d,Bacteria,p_Candidate division WS3,
,D7.15,85,D7.15,16S rDNA,03.D7_10kPa ,7,No_Urea_10kPa,2. No urea,LM,09.d,Bacteria,p_Candidate division WS3,
,D21.16,72,D21.16,16S rDNA,04.D21_10kPa ,21,No_Urea_10kPa,2. No urea,LM,10.d,Bacteria,p_Candidate division WS3,
,D63.13,98,D63.13,16S rDNA,05.D63_10kPa ,63,No_Urea_10kPa,2. No urea,LM,11.d,Bacteria,p_Candidate division WS3,
,D63.14,70,D63.14,16S rDNA,05.D63_10kPa ,63,No_Urea_10kPa,2. No urea,LM,12.d,Bacteria,p_Candidate division WS3,
,D63.15,101,D63.15,16S rDNA,05.D63_10kPa ,63,No_Urea_10kPa,2. No urea,LM,13.d,Bacteria,p_Candidate division WS3,
,D0.09,73,D0.09,16S rDNA,06.D0_1kPa ,0,No_Urea_1.0kPa,2. No urea,HM,14.d,Bacteria,p_Candidate division WS3,
,D0.10,84,D0.10,16S rDNA,06.D0_1kPa ,0,No_Urea_1.0kPa,2. No urea,HM,15.d,Bacteria,p_Candidate division WS3,
,D0.11,82,D0.11,16S rDNA,06.D0_1kPa ,0,No_Urea_1.0kPa,2. No urea,HM,16.d,Bacteria,p_Candidate division WS3,
,D7.09,75,D7.09,16S rDNA,07.D7_1kPa ,7,No_Urea_1.0kPa,2. No urea,HM,17.d,Bacteria,p_Candidate division WS3,
,D7.10,137,D7.10,16S rDNA,07.D7_1kPa ,7,No_Urea_1.0kPa,2. No urea,HM,18.d,Bacteria,p_Candidate division WS3,
,D7.11,76,D7.11,16S rDNA,07.D7_1kPa ,7,No_Urea_1.0kPa,2. No urea,HM,19.d,Bacteria,p_Candidate division WS3,
,D21.09,92,D21.09,16S rDNA,08.D21_1kPa ,21,No_Urea_1.0kPa,2. No urea,HM,20.d,Bacteria,p_Candidate division WS3,
,D21.10,77,D21.10,16S rDNA,08.D21_1kPa ,21,No_Urea_1.0kPa,2. No urea,HM,21.d,Bacteria,p_Candidate division WS3,
,D21.11,103,D21.11,16S rDNA,08.D21_1kPa ,21,No_Urea_1.0kPa,2. No urea,HM,22.d,Bacteria,p_Candidate division WS3,
,D63.09,80,D63.09,16S rDNA,09.D63_1kPa ,63,No_Urea_1.0kPa,2. No urea,HM,23.d,Bacteria,p_Candidate division WS3,
,D63.10,71,D63.10,16S rDNA,09.D63_1kPa ,63,No_Urea_1.0kPa,2. No urea,HM,24.d,Bacteria,p_Candidate division WS3,
,D63.11,111,D63.11,16S rDNA,09.D63_1kPa ,63,No_Urea_1.0kPa,2. No urea,HM,25.d,Bacteria,p_Candidate division WS3,
,D0.05,20,D0.05,16S rDNA,10.D0_10kPa_N,0,Urea_10kPa,1. urea,LM,26.d,Bacteria,p_Candidate division WS3,
,D0.07,41,D0.07,16S rDNA,10.D0_10kPa_N,0,Urea_10kPa,1. urea,LM,27.d,Bacteria,p_Candidate division WS3,
,D0.08,24,D0.08,16S rDNA,10.D0_10kPa_N,0,Urea_10kPa,1. urea,LM,28.d,Bacteria,p_Candidate division WS3,
,D7.08,4,D7.08,16S rDNA,11.D7_10kPa_N,7,Urea_10kPa,1. urea,LM,29.d,Bacteria,p_Candidate division WS3,
,D14.06,9,D14.06,16S rDNA,12.D14_10kPa_N,14,Urea_10kPa,1. urea,LM,30.d,Bacteria,p_Candidate division WS3,
,D14.07,5,D14.07,16S rDNA,12.D14_10kPa_N,14,Urea_10kPa,1. urea,LM,31.d,Bacteria,p_Candidate division WS3,
,D14.08,5,D14.08,16S rDNA,12.D14_10kPa_N,14,Urea_10kPa,1. urea,LM,32.d,Bacteria,p_Candidate division WS3,
,D21.08,6,D21.08,16S rDNA,13.D21_10kPa_N,21,Urea_10kPa,1. urea,LM,33.d,Bacteria,p_Candidate division WS3,
,D35.05,8,D35.05,16S rDNA,14.D35_10kPa_N,35,Urea_10kPa,1. urea,LM,34.d,Bacteria,p_Candidate division WS3,
,D35.06,4,D35.06,16S rDNA,14.D35_10kPa_N,35,Urea_10kPa,1. urea,LM,35.d,Bacteria,p_Candidate division WS3,
,D35.07,10,D35.07,16S rDNA,14.D35_10kPa_N,35,Urea_10kPa,1. urea,LM,36.d,Bacteria,p_Candidate division WS3,
,D63.05,53,D63.05,16S rDNA,15.D63_10kPa_N,63,Urea_10kPa,1. urea,LM,37.d,Bacteria,p_Candidate division WS3,
,D63.06,35,D63.06,16S rDNA,15.D63_10kPa_N,63,Urea_10kPa,1. urea,LM,38.d,Bacteria,p_Candidate division WS3,
,D63.07,20,D63.07,16S rDNA,15.D63_10kPa_N,63,Urea_10kPa,1. urea,LM,39.d,Bacteria,p_Candidate division WS3,
,D0.01,20,D0.01,16S rDNA,16.D0_1kPa_N,0,Urea_1.0kPa,1. urea,HM,40.d,Bacteria,p_Candidate division WS3,
,D0.02,86,D0.02,16S rDNA,16.D0_1kPa_N,0,Urea_1.0kPa,1. urea,HM,41.d,Bacteria,p_Candidate division WS3,
,D0.03,94,D0.03,16S rDNA,16.D0_1kPa_N,0,Urea_1.0kPa,1. urea,HM,42.d,Bacteria,p_Candidate division WS3,
,D7.01,14,D7.01,16S rDNA,17.D7_1kPa_N,7,Urea_1.0kPa,1. urea,HM,43.d,Bacteria,p_Candidate division WS3,
,D7.02,8,D7.02,16S rDNA,17.D7_1kPa_N,7,Urea_1.0kPa,1. urea,HM,44.d,Bacteria,p_Candidate division WS3,
,D7.03,13,D7.03,16S rDNA,17.D7_1kPa_N,7,Urea_1.0kPa,1. urea,HM,45.d,Bacteria,p_Candidate division WS3,
,D14.02,16,D14.02,16S rDNA,18.D14_1kPa_N,14,Urea_1.0kPa,1. urea,HM,46.d,Bacteria,p_Candidate division WS3,
,D14.03,45,D14.03,16S rDNA,18.D14_1kPa_N,14,Urea_1.0kPa,1. urea,HM,47.d,Bacteria,p_Candidate division WS3,
,D14.04,17,D14.04,16S rDNA,18.D14_1kPa_N,14,Urea_1.0kPa,1. urea,HM,48.d,Bacteria,p_Candidate division WS3,
,D21.01,6,D21.01,16S rDNA,19.D21_1kPa_N,21,Urea_1.0kPa,1. urea,HM,49.d,Bacteria,p_Candidate division WS3,
,D21.04,59,D21.04,16S rDNA,19.D21_1kPa_N,21,Urea_1.0kPa,1. urea,HM,50.d,Bacteria,p_Candidate division WS3,
,D35.01,7,D35.01,16S rDNA,20.D35_1kPa_N,35,Urea_1.0kPa,1. urea,HM,52.d,Bacteria,p_Candidate division WS3,
,D35.02,3,D35.02,16S rDNA,20.D35_1kPa_N,35,Urea_1.0kPa,1. urea,HM,53.d,Bacteria,p_Candidate division WS3,
,D35.03,9,D35.03,16S rDNA,20.D35_1kPa_N,35,Urea_1.0kPa,1. urea,HM,54.d,Bacteria,p_Candidate division WS3,
,D63.01,33,D63.01,16S rDNA,21.D63_1kPa_N,63,Urea_1.0kPa,1. urea,HM,55.d,Bacteria,p_Candidate division WS3,
,D63.02,34,D63.02,16S rDNA,21.D63_1kPa_N,63,Urea_1.0kPa,1. urea,HM,56.d,Bacteria,p_Candidate division WS3,
,D0.13,148,D0.13,16S rDNA,02.D0_10kPa ,0,No_Urea_10kPa,2. No urea,LM,04.d,Bacteria,p_Chloroflexi,
,D0.14,167,D0.14,16S rDNA,02.D0_10kPa ,0,No_Urea_10kPa,2. No urea,LM,05.d,Bacteria,p_Chloroflexi,
,D0.15,150,D0.15,16S rDNA,02.D0_10kPa ,0,No_Urea_10kPa,2. No urea,LM,06.d,Bacteria,p_Chloroflexi,
,D7.13,191,D7.13,16S rDNA,03.D7_10kPa ,7,No_Urea_10kPa,2. No urea,LM,07.d,Bacteria,p_Chloroflexi,
,D7.14,152,D7.14,16S rDNA,03.D7_10kPa ,7,No_Urea_10kPa,2. No urea,LM,08.d,Bacteria,p_Chloroflexi,
,D7.15,107,D7.15,16S rDNA,03.D7_10kPa ,7,No_Urea_10kPa,2. No urea,LM,09.d,Bacteria,p_Chloroflexi,
,D21.16,155,D21.16,16S rDNA,04.D21_10kPa ,21,No_Urea_10kPa,2. No urea,LM,10.d,Bacteria,p_Chloroflexi,
,D63.13,215,D63.13,16S rDNA,05.D63_10kPa ,63,No_Urea_10kPa,2. No urea,LM,11.d,Bacteria,p_Chloroflexi,
,D63.14,130,D63.14,16S rDNA,05.D63_10kPa ,63,No_Urea_10kPa,2. No urea,LM,12.d,Bacteria,p_Chloroflexi,
,D63.15,202,D63.15,16S rDNA,05.D63_10kPa ,63,No_Urea_10kPa,2. No urea,LM,13.d,Bacteria,p_Chloroflexi,
,D0.09,136,D0.09,16S rDNA,06.D0_1kPa ,0,No_Urea_1.0kPa,2. No urea,HM,14.d,Bacteria,p_Chloroflexi,
,D0.10,167,D0.10,16S rDNA,06.D0_1kPa ,0,No_Urea_1.0kPa,2. No urea,HM,15.d,Bacteria,p_Chloroflexi,
,D0.11,208,D0.11,16S rDNA,06.D0_1kPa ,0,No_Urea_1.0kPa,2. No urea,HM,16.d,Bacteria,p_Chloroflexi,
,D7.09,132,D7.09,16S rDNA,07.D7_1kPa ,7,No_Urea_1.0kPa,2. No urea,HM,17.d,Bacteria,p_Chloroflexi,
,D7.10,191,D7.10,16S rDNA,07.D7_1kPa ,7,No_Urea_1.0kPa,2. No urea,HM,18.d,Bacteria,p_Chloroflexi,
,D7.11,231,D7.11,16S rDNA,07.D7_1kPa ,7,No_Urea_1.0kPa,2. No urea,HM,19.d,Bacteria,p_Chloroflexi,
,D21.09,217,D21.09,16S rDNA,08.D21_1kPa ,21,No_Urea_1.0kPa,2. No urea,HM,20.d,Bacteria,p_Chloroflexi,
,D21.10,195,D21.10,16S rDNA,08.D21_1kPa ,21,No_Urea_1.0kPa,2. No urea,HM,21.d,Bacteria,p_Chloroflexi,
,D21.11,197,D21.11,16S rDNA,08.D21_1kPa ,21,No_Urea_1.0kPa,2. No urea,HM,22.d,Bacteria,p_Chloroflexi,
,D63.09,161,D63.09,16S rDNA,09.D63_1kPa ,63,No_Urea_1.0kPa,2. No urea,HM,23.d,Bacteria,p_Chloroflexi,
,D63.10,200,D63.10,16S rDNA,09.D63_1kPa ,63,No_Urea_1.0kPa,2. No urea,HM,24.d,Bacteria,p_Chloroflexi,
,D63.11,197,D63.11,16S rDNA,09.D63_1kPa ,63,No_Urea_1.0kPa,2. No urea,HM,25.d,Bacteria,p_Chloroflexi,
,D0.05,128,D0.05,16S rDNA,10.D0_10kPa_N,0,Urea_10kPa,1. urea,LM,26.d,Bacteria,p_Chloroflexi,
,D0.07,177,D0.07,16S rDNA,10.D0_10kPa_N,0,Urea_10kPa,1. urea,LM,27.d,Bacteria,p_Chloroflexi,
,D0.08,132,D0.08,16S rDNA,10.D0_10kPa_N,0,Urea_10kPa,1. urea,LM,28.d,Bacteria,p_Chloroflexi,
,D7.08,55,D7.08,16S rDNA,11.D7_10kPa_N,7,Urea_10kPa,1. urea,LM,29.d,Bacteria,p_Chloroflexi,
,D14.06,94,D14.06,16S rDNA,12.D14_10kPa_N,14,Urea_10kPa,1. urea,LM,30.d,Bacteria,p_Chloroflexi,
,D14.07,54,D14.07,16S rDNA,12.D14_10kPa_N,14,Urea_10kPa,1. urea,LM,31.d,Bacteria,p_Chloroflexi,
,D14.08,60,D14.08,16S rDNA,12.D14_10kPa_N,14,Urea_10kPa,1. urea,LM,32.d,Bacteria,p_Chloroflexi,
,D21.08,72,D21.08,16S rDNA,13.D21_10kPa_N,21,Urea_10kPa,1. urea,LM,33.d,Bacteria,p_Chloroflexi,
,D35.05,39,D35.05,16S rDNA,14.D35_10kPa_N,35,Urea_10kPa,1. urea,LM,34.d,Bacteria,p_Chloroflexi,
,D35.06,33,D35.06,16S rDNA,14.D35_10kPa_N,35,Urea_10kPa,1. urea,LM,35.d,Bacteria,p_Chloroflexi,
,D35.07,44,D35.07,16S rDNA,14.D35_10kPa_N,35,Urea_10kPa,1. urea,LM,36.d,Bacteria,p_Chloroflexi,
,D63.05,76,D63.05,16S rDNA,15.D63_10kPa_N,63,Urea_10kPa,1. urea,LM,37.d,Bacteria,p_Chloroflexi,
,D63.06,50,D63.06,16S rDNA,15.D63_10kPa_N,63,Urea_10kPa,1. urea,LM,38.d,Bacteria,p_Chloroflexi,
,D63.07,45,D63.07,16S rDNA,15.D63_10kPa_N,63,Urea_10kPa,1. urea,LM,39.d,Bacteria,p_Chloroflexi,
,D0.01,151,D0.01,16S rDNA,16.D0_1kPa_N,0,Urea_1.0kPa,1. urea,HM,40.d,Bacteria,p_Chloroflexi,
,D0.02,185,D0.02,16S rDNA,16.D0_1kPa_N,0,Urea_1.0kPa,1. urea,HM,41.d,Bacteria,p_Chloroflexi,
,D0.03,176,D0.03,16S rDNA,16.D0_1kPa_N,0,Urea_1.0kPa,1. urea,HM,42.d,Bacteria,p_Chloroflexi,
,D7.01,124,D7.01,16S rDNA,17.D7_1kPa_N,7,Urea_1.0kPa,1. urea,HM,43.d,Bacteria,p_Chloroflexi,
,D7.02,88,D7.02,16S rDNA,17.D7_1kPa_N,7,Urea_1.0kPa,1. urea,HM,44.d,Bacteria,p_Chloroflexi,
,D7.03,85,D7.03,16S rDNA,17.D7_1kPa_N,7,Urea_1.0kPa,1. urea,HM,45.d,Bacteria,p_Chloroflexi,
,D14.02,79,D14.02,16S rDNA,18.D14_1kPa_N,14,Urea_1.0kPa,1. urea,HM,46.d,Bacteria,p_Chloroflexi,
,D14.03,103,D14.03,16S rDNA,18.D14_1kPa_N,14,Urea_1.0kPa,1. urea,HM,47.d,Bacteria,p_Chloroflexi,
,D14.04,102,D14.04,16S rDNA,18.D14_1kPa_N,14,Urea_1.0kPa,1. urea,HM,48.d,Bacteria,p_Chloroflexi,
,D21.01,97,D21.01,16S rDNA,19.D21_1kPa_N,21,Urea_1.0kPa,1. urea,HM,49.d,Bacteria,p_Chloroflexi,
,D21.04,141,D21.04,16S rDNA,19.D21_1kPa_N,21,Urea_1.0kPa,1. urea,HM,50.d,Bacteria,p_Chloroflexi,
,D35.01,83,D35.01,16S rDNA,20.D35_1kPa_N,35,Urea_1.0kPa,1. urea,HM,52.d,Bacteria,p_Chloroflexi,
,D35.02,68,D35.02,16S rDNA,20.D35_1kPa_N,35,Urea_1.0kPa,1. urea,HM,53.d,Bacteria,p_Chloroflexi,
,D35.03,60,D35.03,16S rDNA,20.D35_1kPa_N,35,Urea_1.0kPa,1. urea,HM,54.d,Bacteria,p_Chloroflexi,
,D63.01,74,D63.01,16S rDNA,21.D63_1kPa_N,63,Urea_1.0kPa,1. urea,HM,55.d,Bacteria,p_Chloroflexi,
,D63.02,63,D63.02,16S rDNA,21.D63_1kPa_N,63,Urea_1.0kPa,1. urea,HM,56.d,Bacteria,p_Chloroflexi,
,D0.13,74,D0.13,16S rDNA,02.D0_10kPa ,0,No_Urea_10kPa,2. No urea,LM,04.d,Bacteria,p_Firmicutes,
,D0.14,127,D0.14,16S rDNA,02.D0_10kPa ,0,No_Urea_10kPa,2. No urea,LM,05.d,Bacteria,p_Firmicutes,
,D0.15,135,D0.15,16S rDNA,02.D0_10kPa ,0,No_Urea_10kPa,2. No urea,LM,06.d,Bacteria,p_Firmicutes,
,D7.13,59,D7.13,16S rDNA,03.D7_10kPa ,7,No_Urea_10kPa,2. No urea,LM,07.d,Bacteria,p_Firmicutes,
,D7.14,57,D7.14,16S rDNA,03.D7_10kPa ,7,No_Urea_10kPa,2. No urea,LM,08.d,Bacteria,p_Firmicutes,
,D7.15,69,D7.15,16S rDNA,03.D7_10kPa ,7,No_Urea_10kPa,2. No urea,LM,09.d,Bacteria,p_Firmicutes,
,D21.16,112,D21.16,16S rDNA,04.D21_10kPa ,21,No_Urea_10kPa,2. No urea,LM,10.d,Bacteria,p_Firmicutes,
,D63.13,78,D63.13,16S rDNA,05.D63_10kPa ,63,No_Urea_10kPa,2. No urea,LM,11.d,Bacteria,p_Firmicutes,
,D63.14,99,D63.14,16S rDNA,05.D63_10kPa ,63,No_Urea_10kPa,2. No urea,LM,12.d,Bacteria,p_Firmicutes,
,D63.15,97,D63.15,16S rDNA,05.D63_10kPa ,63,No_Urea_10kPa,2. No urea,LM,13.d,Bacteria,p_Firmicutes,
,D0.09,84,D0.09,16S rDNA,06.D0_1kPa ,0,No_Urea_1.0kPa,2. No urea,HM,14.d,Bacteria,p_Firmicutes,
,D0.10,87,D0.10,16S rDNA,06.D0_1kPa ,0,No_Urea_1.0kPa,2. No urea,HM,15.d,Bacteria,p_Firmicutes,
,D0.11,101,D0.11,16S rDNA,06.D0_1kPa ,0,No_Urea_1.0kPa,2. No urea,HM,16.d,Bacteria,p_Firmicutes,
,D7.09,46,D7.09,16S rDNA,07.D7_1kPa ,7,No_Urea_1.0kPa,2. No urea,HM,17.d,Bacteria,p_Firmicutes,
,D7.10,42,D7.10,16S rDNA,07.D7_1kPa ,7,No_Urea_1.0kPa,2. No urea,HM,18.d,Bacteria,p_Firmicutes,
,D7.11,43,D7.11,16S rDNA,07.D7_1kPa ,7,No_Urea_1.0kPa,2. No urea,HM,19.d,Bacteria,p_Firmicutes,
,D21.09,52,D21.09,16S rDNA,08.D21_1kPa ,21,No_Urea_1.0kPa,2. No urea,HM,20.d,Bacteria,p_Firmicutes,
,D21.10,69,D21.10,16S rDNA,08.D21_1kPa ,21,No_Urea_1.0kPa,2. No urea,HM,21.d,Bacteria,p_Firmicutes,
,D21.11,74,D21.11,16S rDNA,08.D21_1kPa ,21,No_Urea_1.0kPa,2. No urea,HM,22.d,Bacteria,p_Firmicutes,
,D63.09,92,D63.09,16S rDNA,09.D63_1kPa ,63,No_Urea_1.0kPa,2. No urea,HM,23.d,Bacteria,p_Firmicutes,
,D63.10,95,D63.10,16S rDNA,09.D63_1kPa ,63,No_Urea_1.0kPa,2. No urea,HM,24.d,Bacteria,p_Firmicutes,
,D63.11,81,D63.11,16S rDNA,09.D63_1kPa ,63,No_Urea_1.0kPa,2. No urea,HM,25.d,Bacteria,p_Firmicutes,
,D0.05,127,D0.05,16S rDNA,10.D0_10kPa_N,0,Urea_10kPa,1. urea,LM,26.d,Bacteria,p_Firmicutes,
,D0.07,148,D0.07,16S rDNA,10.D0_10kPa_N,0,Urea_10kPa,1. urea,LM,27.d,Bacteria,p_Firmicutes,
,D0.08,172,D0.08,16S rDNA,10.D0_10kPa_N,0,Urea_10kPa,1. urea,LM,28.d,Bacteria,p_Firmicutes,
,D7.08,2423,D7.08,16S rDNA,11.D7_10kPa_N,7,Urea_10kPa,1. urea,LM,29.d,Bacteria,p_Firmicutes,
,D14.06,913,D14.06,16S rDNA,12.D14_10kPa_N,14,Urea_10kPa,1. urea,LM,30.d,Bacteria,p_Firmicutes,
,D14.07,1407,D14.07,16S rDNA,12.D14_10kPa_N,14,Urea_10kPa,1. urea,LM,31.d,Bacteria,p_Firmicutes,
,D14.08,925,D14.08,16S rDNA,12.D14_10kPa_N,14,Urea_10kPa,1. urea,LM,32.d,Bacteria,p_Firmicutes,
,D21.08,704,D21.08,16S rDNA,13.D21_10kPa_N,21,Urea_10kPa,1. urea,LM,33.d,Bacteria,p_Firmicutes,
,D35.05,464,D35.05,16S rDNA,14.D35_10kPa_N,35,Urea_10kPa,1. urea,LM,34.d,Bacteria,p_Firmicutes,
,D35.06,712,D35.06,16S rDNA,14.D35_10kPa_N,35,Urea_10kPa,1. urea,LM,35.d,Bacteria,p_Firmicutes,
,D35.07,595,D35.07,16S rDNA,14.D35_10kPa_N,35,Urea_10kPa,1. urea,LM,36.d,Bacteria,p_Firmicutes,
,D63.05,378,D63.05,16S rDNA,15.D63_10kPa_N,63,Urea_10kPa,1. urea,LM,37.d,Bacteria,p_Firmicutes,
,D63.06,407,D63.06,16S rDNA,15.D63_10kPa_N,63,Urea_10kPa,1. urea,LM,38.d,Bacteria,p_Firmicutes,
,D63.07,481,D63.07,16S rDNA,15.D63_10kPa_N,63,Urea_10kPa,1. urea,LM,39.d,Bacteria,p_Firmicutes,
,D0.01,92,D0.01,16S rDNA,16.D0_1kPa_N,0,Urea_1.0kPa,1. urea,HM,40.d,Bacteria,p_Firmicutes,
,D0.02,154,D0.02,16S rDNA,16.D0_1kPa_N,0,Urea_1.0kPa,1. urea,HM,41.d,Bacteria,p_Firmicutes,
,D0.03,103,D0.03,16S rDNA,16.D0_1kPa_N,0,Urea_1.0kPa,1. urea,HM,42.d,Bacteria,p_Firmicutes,
,D7.01,886,D7.01,16S rDNA,17.D7_1kPa_N,7,Urea_1.0kPa,1. urea,HM,43.d,Bacteria,p_Firmicutes,
,D7.02,1607,D7.02,16S rDNA,17.D7_1kPa_N,7,Urea_1.0kPa,1. urea,HM,44.d,Bacteria,p_Firmicutes,
,D7.03,1292,D7.03,16S rDNA,17.D7_1kPa_N,7,Urea_1.0kPa,1. urea,HM,45.d,Bacteria,p_Firmicutes,
,D14.02,970,D14.02,16S rDNA,18.D14_1kPa_N,14,Urea_1.0kPa,1. urea,HM,46.d,Bacteria,p_Firmicutes,
,D14.03,1039,D14.03,16S rDNA,18.D14_1kPa_N,14,Urea_1.0kPa,1. urea,HM,47.d,Bacteria,p_Firmicutes,
,D14.04,938,D14.04,16S rDNA,18.D14_1kPa_N,14,Urea_1.0kPa,1. urea,HM,48.d,Bacteria,p_Firmicutes,
,D21.01,778,D21.01,16S rDNA,19.D21_1kPa_N,21,Urea_1.0kPa,1. urea,HM,49.d,Bacteria,p_Firmicutes,
,D21.04,474,D21.04,16S rDNA,19.D21_1kPa_N,21,Urea_1.0kPa,1. urea,HM,50.d,Bacteria,p_Firmicutes,
,D35.01,635,D35.01,16S rDNA,20.D35_1kPa_N,35,Urea_1.0kPa,1. urea,HM,52.d,Bacteria,p_Firmicutes,
,D35.02,795,D35.02,16S rDNA,20.D35_1kPa_N,35,Urea_1.0kPa,1. urea,HM,53.d,Bacteria,p_Firmicutes,
,D35.03,884,D35.03,16S rDNA,20.D35_1kPa_N,35,Urea_1.0kPa,1. urea,HM,54.d,Bacteria,p_Firmicutes,
,D63.01,613,D63.01,16S rDNA,21.D63_1kPa_N,63,Urea_1.0kPa,1. urea,HM,55.d,Bacteria,p_Firmicutes,
,D63.02,680,D63.02,16S rDNA,21.D63_1kPa_N,63,Urea_1.0kPa,1. urea,HM,56.d,Bacteria,p_Firmicutes,
,D0.13,186,D0.13,16S rDNA,02.D0_10kPa ,0,No_Urea_10kPa,2. No urea,LM,04.d,Bacteria,p_Gemmatimonadetes,
,D0.14,215,D0.14,16S rDNA,02.D0_10kPa ,0,No_Urea_10kPa,2. No urea,LM,05.d,Bacteria,p_Gemmatimonadetes,
,D0.15,163,D0.15,16S rDNA,02.D0_10kPa ,0,No_Urea_10kPa,2. No urea,LM,06.d,Bacteria,p_Gemmatimonadetes,
,D7.13,232,D7.13,16S rDNA,03.D7_10kPa ,7,No_Urea_10kPa,2. No urea,LM,07.d,Bacteria,p_Gemmatimonadetes,
,D7.14,233,D7.14,16S rDNA,03.D7_10kPa ,7,No_Urea_10kPa,2. No urea,LM,08.d,Bacteria,p_Gemmatimonadetes,
,D7.15,157,D7.15,16S rDNA,03.D7_10kPa ,7,No_Urea_10kPa,2. No urea,LM,09.d,Bacteria,p_Gemmatimonadetes,
,D21.16,174,D21.16,16S rDNA,04.D21_10kPa ,21,No_Urea_10kPa,2. No urea,LM,10.d,Bacteria,p_Gemmatimonadetes,
,D63.13,237,D63.13,16S rDNA,05.D63_10kPa ,63,No_Urea_10kPa,2. No urea,LM,11.d,Bacteria,p_Gemmatimonadetes,
,D63.14,175,D63.14,16S rDNA,05.D63_10kPa ,63,No_Urea_10kPa,2. No urea,LM,12.d,Bacteria,p_Gemmatimonadetes,
,D63.15,242,D63.15,16S rDNA,05.D63_10kPa ,63,No_Urea_10kPa,2. No urea,LM,13.d,Bacteria,p_Gemmatimonadetes,
,D0.09,176,D0.09,16S rDNA,06.D0_1kPa ,0,No_Urea_1.0kPa,2. No urea,HM,14.d,Bacteria,p_Gemmatimonadetes,
,D0.10,201,D0.10,16S rDNA,06.D0_1kPa ,0,No_Urea_1.0kPa,2. No urea,HM,15.d,Bacteria,p_Gemmatimonadetes,
,D0.11,203,D0.11,16S rDNA,06.D0_1kPa ,0,No_Urea_1.0kPa,2. No urea,HM,16.d,Bacteria,p_Gemmatimonadetes,
,D7.09,192,D7.09,16S rDNA,07.D7_1kPa ,7,No_Urea_1.0kPa,2. No urea,HM,17.d,Bacteria,p_Gemmatimonadetes,
,D7.10,252,D7.10,16S rDNA,07.D7_1kPa ,7,No_Urea_1.0kPa,2. No urea,HM,18.d,Bacteria,p_Gemmatimonadetes,
,D7.11,257,D7.11,16S rDNA,07.D7_1kPa ,7,No_Urea_1.0kPa,2. No urea,HM,19.d,Bacteria,p_Gemmatimonadetes,
,D21.09,202,D21.09,16S rDNA,08.D21_1kPa ,21,No_Urea_1.0kPa,2. No urea,HM,20.d,Bacteria,p_Gemmatimonadetes,
,D21.10,215,D21.10,16S rDNA,08.D21_1kPa ,21,No_Urea_1.0kPa,2. No urea,HM,21.d,Bacteria,p_Gemmatimonadetes,
,D21.11,223,D21.11,16S rDNA,08.D21_1kPa ,21,No_Urea_1.0kPa,2. No urea,HM,22.d,Bacteria,p_Gemmatimonadetes,
,D63.09,238,D63.09,16S rDNA,09.D63_1kPa ,63,No_Urea_1.0kPa,2. No urea,HM,23.d,Bacteria,p_Gemmatimonadetes,
,D63.10,245,D63.10,16S rDNA,09.D63_1kPa ,63,No_Urea_1.0kPa,2. No urea,HM,24.d,Bacteria,p_Gemmatimonadetes,
,D63.11,274,D63.11,16S rDNA,09.D63_1kPa ,63,No_Urea_1.0kPa,2. No urea,HM,25.d,Bacteria,p_Gemmatimonadetes,
,D0.05,142,D0.05,16S rDNA,10.D0_10kPa_N,0,Urea_10kPa,1. urea,LM,26.d,Bacteria,p_Gemmatimonadetes,
,D0.07,185,D0.07,16S rDNA,10.D0_10kPa_N,0,Urea_10kPa,1. urea,LM,27.d,Bacteria,p_Gemmatimonadetes,
,D0.08,129,D0.08,16S rDNA,10.D0_10kPa_N,0,Urea_10kPa,1. urea,LM,28.d,Bacteria,p_Gemmatimonadetes,
,D7.08,71,D7.08,16S rDNA,11.D7_10kPa_N,7,Urea_10kPa,1. urea,LM,29.d,Bacteria,p_Gemmatimonadetes,
,D14.06,217,D14.06,16S rDNA,12.D14_10kPa_N,14,Urea_10kPa,1. urea,LM,30.d,Bacteria,p_Gemmatimonadetes,
,D14.07,170,D14.07,16S rDNA,12.D14_10kPa_N,14,Urea_10kPa,1. urea,LM,31.d,Bacteria,p_Gemmatimonadetes,
,D14.08,201,D14.08,16S rDNA,12.D14_10kPa_N,14,Urea_10kPa,1. urea,LM,32.d,Bacteria,p_Gemmatimonadetes,
,D21.08,189,D21.08,16S rDNA,13.D21_10kPa_N,21,Urea_10kPa,1. urea,LM,33.d,Bacteria,p_Gemmatimonadetes,
,D35.05,260,D35.05,16S rDNA,14.D35_10kPa_N,35,Urea_10kPa,1. urea,LM,34.d,Bacteria,p_Gemmatimonadetes,
,D35.06,184,D35.06,16S rDNA,14.D35_10kPa_N,35,Urea_10kPa,1. urea,LM,35.d,Bacteria,p_Gemmatimonadetes,
,D35.07,252,D35.07,16S rDNA,14.D35_10kPa_N,35,Urea_10kPa,1. urea,LM,36.d,Bacteria,p_Gemmatimonadetes,
,D63.05,282,D63.05,16S rDNA,15.D63_10kPa_N,63,Urea_10kPa,1. urea,LM,37.d,Bacteria,p_Gemmatimonadetes,
,D63.06,253,D63.06,16S rDNA,15.D63_10kPa_N,63,Urea_10kPa,1. urea,LM,38.d,Bacteria,p_Gemmatimonadetes,
,D63.07,170,D63.07,16S rDNA,15.D63_10kPa_N,63,Urea_10kPa,1. urea,LM,39.d,Bacteria,p_Gemmatimonadetes,
,D0.01,144,D0.01,16S rDNA,16.D0_1kPa_N,0,Urea_1.0kPa,1. urea,HM,40.d,Bacteria,p_Gemmatimonadetes,
,D0.02,233,D0.02,16S rDNA,16.D0_1kPa_N,0,Urea_1.0kPa,1. urea,HM,41.d,Bacteria,p_Gemmatimonadetes,
,D0.03,196,D0.03,16S rDNA,16.D0_1kPa_N,0,Urea_1.0kPa,1. urea,HM,42.d,Bacteria,p_Gemmatimonadetes,
,D7.01,150,D7.01,16S rDNA,17.D7_1kPa_N,7,Urea_1.0kPa,1. urea,HM,43.d,Bacteria,p_Gemmatimonadetes,
,D7.02,100,D7.02,16S rDNA,17.D7_1kPa_N,7,Urea_1.0kPa,1. urea,HM,44.d,Bacteria,p_Gemmatimonadetes,
,D7.03,98,D7.03,16S rDNA,17.D7_1kPa_N,7,Urea_1.0kPa,1. urea,HM,45.d,Bacteria,p_Gemmatimonadetes,
,D14.02,167,D14.02,16S rDNA,18.D14_1kPa_N,14,Urea_1.0kPa,1. urea,HM,46.d,Bacteria,p_Gemmatimonadetes,
,D14.03,190,D14.03,16S rDNA,18.D14_1kPa_N,14,Urea_1.0kPa,1. urea,HM,47.d,Bacteria,p_Gemmatimonadetes,
,D14.04,182,D14.04,16S rDNA,18.D14_1kPa_N,14,Urea_1.0kPa,1. urea,HM,48.d,Bacteria,p_Gemmatimonadetes,
,D21.01,201,D21.01,16S rDNA,19.D21_1kPa_N,21,Urea_1.0kPa,1. urea,HM,49.d,Bacteria,p_Gemmatimonadetes,
,D21.04,264,D21.04,16S rDNA,19.D21_1kPa_N,21,Urea_1.0kPa,1. urea,HM,50.d,Bacteria,p_Gemmatimonadetes,
,D35.01,176,D35.01,16S rDNA,20.D35_1kPa_N,35,Urea_1.0kPa,1. urea,HM,52.d,Bacteria,p_Gemmatimonadetes,
,D35.02,183,D35.02,16S rDNA,20.D35_1kPa_N,35,Urea_1.0kPa,1. urea,HM,53.d,Bacteria,p_Gemmatimonadetes,
,D35.03,145,D35.03,16S rDNA,20.D35_1kPa_N,35,Urea_1.0kPa,1. urea,HM,54.d,Bacteria,p_Gemmatimonadetes,
,D63.01,254,D63.01,16S rDNA,21.D63_1kPa_N,63,Urea_1.0kPa,1. urea,HM,55.d,Bacteria,p_Gemmatimonadetes,
,D63.02,282,D63.02,16S rDNA,21.D63_1kPa_N,63,Urea_1.0kPa,1. urea,HM,56.d,Bacteria,p_Gemmatimonadetes,
,D0.13,154,D0.13,16S rDNA,02.D0_10kPa ,0,No_Urea_10kPa,2. No urea,LM,04.d,Bacteria,p_Nitrospirae,
,D0.14,173,D0.14,16S rDNA,02.D0_10kPa ,0,No_Urea_10kPa,2. No urea,LM,05.d,Bacteria,p_Nitrospirae,
,D0.15,144,D0.15,16S rDNA,02.D0_10kPa ,0,No_Urea_10kPa,2. No urea,LM,06.d,Bacteria,p_Nitrospirae,
,D7.13,155,D7.13,16S rDNA,03.D7_10kPa ,7,No_Urea_10kPa,2. No urea,LM,07.d,Bacteria,p_Nitrospirae,
,D7.14,151,D7.14,16S rDNA,03.D7_10kPa ,7,No_Urea_10kPa,2. No urea,LM,08.d,Bacteria,p_Nitrospirae,
,D7.15,143,D7.15,16S rDNA,03.D7_10kPa ,7,No_Urea_10kPa,2. No urea,LM,09.d,Bacteria,p_Nitrospirae,
,D21.16,151,D21.16,16S rDNA,04.D21_10kPa ,21,No_Urea_10kPa,2. No urea,LM,10.d,Bacteria,p_Nitrospirae,
,D63.13,155,D63.13,16S rDNA,05.D63_10kPa ,63,No_Urea_10kPa,2. No urea,LM,11.d,Bacteria,p_Nitrospirae,
,D63.14,142,D63.14,16S rDNA,05.D63_10kPa ,63,No_Urea_10kPa,2. No urea,LM,12.d,Bacteria,p_Nitrospirae,
,D63.15,142,D63.15,16S rDNA,05.D63_10kPa ,63,No_Urea_10kPa,2. No urea,LM,13.d,Bacteria,p_Nitrospirae,
,D0.09,152,D0.09,16S rDNA,06.D0_1kPa ,0,No_Urea_1.0kPa,2. No urea,HM,14.d,Bacteria,p_Nitrospirae,
,D0.10,170,D0.10,16S rDNA,06.D0_1kPa ,0,No_Urea_1.0kPa,2. No urea,HM,15.d,Bacteria,p_Nitrospirae,
,D0.11,162,D0.11,16S rDNA,06.D0_1kPa ,0,No_Urea_1.0kPa,2. No urea,HM,16.d,Bacteria,p_Nitrospirae,
,D7.09,103,D7.09,16S rDNA,07.D7_1kPa ,7,No_Urea_1.0kPa,2. No urea,HM,17.d,Bacteria,p_Nitrospirae,
,D7.10,148,D7.10,16S rDNA,07.D7_1kPa ,7,No_Urea_1.0kPa,2. No urea,HM,18.d,Bacteria,p_Nitrospirae,
,D7.11,124,D7.11,16S rDNA,07.D7_1kPa ,7,No_Urea_1.0kPa,2. No urea,HM,19.d,Bacteria,p_Nitrospirae,
,D21.09,134,D21.09,16S rDNA,08.D21_1kPa ,21,No_Urea_1.0kPa,2. No urea,HM,20.d,Bacteria,p_Nitrospirae,
,D21.10,142,D21.10,16S rDNA,08.D21_1kPa ,21,No_Urea_1.0kPa,2. No urea,HM,21.d,Bacteria,p_Nitrospirae,
,D21.11,118,D21.11,16S rDNA,08.D21_1kPa ,21,No_Urea_1.0kPa,2. No urea,HM,22.d,Bacteria,p_Nitrospirae,
,D63.09,183,D63.09,16S rDNA,09.D63_1kPa ,63,No_Urea_1.0kPa,2. No urea,HM,23.d,Bacteria,p_Nitrospirae,
,D63.10,151,D63.10,16S rDNA,09.D63_1kPa ,63,No_Urea_1.0kPa,2. No urea,HM,24.d,Bacteria,p_Nitrospirae,
,D63.11,190,D63.11,16S rDNA,09.D63_1kPa ,63,No_Urea_1.0kPa,2. No urea,HM,25.d,Bacteria,p_Nitrospirae,
,D0.05,163,D0.05,16S rDNA,10.D0_10kPa_N,0,Urea_10kPa,1. urea,LM,26.d,Bacteria,p_Nitrospirae,
,D0.07,129,D0.07,16S rDNA,10.D0_10kPa_N,0,Urea_10kPa,1. urea,LM,27.d,Bacteria,p_Nitrospirae,
,D0.08,150,D0.08,16S rDNA,10.D0_10kPa_N,0,Urea_10kPa,1. urea,LM,28.d,Bacteria,p_Nitrospirae,
,D7.08,87,D7.08,16S rDNA,11.D7_10kPa_N,7,Urea_10kPa,1. urea,LM,29.d,Bacteria,p_Nitrospirae,
,D14.06,78,D14.06,16S rDNA,12.D14_10kPa_N,14,Urea_10kPa,1. urea,LM,30.d,Bacteria,p_Nitrospirae,
,D14.07,71,D14.07,16S rDNA,12.D14_10kPa_N,14,Urea_10kPa,1. urea,LM,31.d,Bacteria,p_Nitrospirae,
,D14.08,70,D14.08,16S rDNA,12.D14_10kPa_N,14,Urea_10kPa,1. urea,LM,32.d,Bacteria,p_Nitrospirae,
,D21.08,104,D21.08,16S rDNA,13.D21_10kPa_N,21,Urea_10kPa,1. urea,LM,33.d,Bacteria,p_Nitrospirae,
,D35.05,114,D35.05,16S rDNA,14.D35_10kPa_N,35,Urea_10kPa,1. urea,LM,34.d,Bacteria,p_Nitrospirae,
,D35.06,82,D35.06,16S rDNA,14.D35_10kPa_N,35,Urea_10kPa,1. urea,LM,35.d,Bacteria,p_Nitrospirae,
,D35.07,81,D35.07,16S rDNA,14.D35_10kPa_N,35,Urea_10kPa,1. urea,LM,36.d,Bacteria,p_Nitrospirae,
,D63.05,90,D63.05,16S rDNA,15.D63_10kPa_N,63,Urea_10kPa,1. urea,LM,37.d,Bacteria,p_Nitrospirae,
,D63.06,83,D63.06,16S rDNA,15.D63_10kPa_N,63,Urea_10kPa,1. urea,LM,38.d,Bacteria,p_Nitrospirae,
,D63.07,63,D63.07,16S rDNA,15.D63_10kPa_N,63,Urea_10kPa,1. urea,LM,39.d,Bacteria,p_Nitrospirae,
,D0.01,129,D0.01,16S rDNA,16.D0_1kPa_N,0,Urea_1.0kPa,1. urea,HM,40.d,Bacteria,p_Nitrospirae,
,D0.02,144,D0.02,16S rDNA,16.D0_1kPa_N,0,Urea_1.0kPa,1. urea,HM,41.d,Bacteria,p_Nitrospirae,
,D0.03,184,D0.03,16S rDNA,16.D0_1kPa_N,0,Urea_1.0kPa,1. urea,HM,42.d,Bacteria,p_Nitrospirae,
,D7.01,88,D7.01,16S rDNA,17.D7_1kPa_N,7,Urea_1.0kPa,1. urea,HM,43.d,Bacteria,p_Nitrospirae,
,D7.02,86,D7.02,16S rDNA,17.D7_1kPa_N,7,Urea_1.0kPa,1. urea,HM,44.d,Bacteria,p_Nitrospirae,
,D7.03,73,D7.03,16S rDNA,17.D7_1kPa_N,7,Urea_1.0kPa,1. urea,HM,45.d,Bacteria,p_Nitrospirae,
,D14.02,73,D14.02,16S rDNA,18.D14_1kPa_N,14,Urea_1.0kPa,1. urea,HM,46.d,Bacteria,p_Nitrospirae,
,D14.03,93,D14.03,16S rDNA,18.D14_1kPa_N,14,Urea_1.0kPa,1. urea,HM,47.d,Bacteria,p_Nitrospirae,
,D14.04,77,D14.04,16S rDNA,18.D14_1kPa_N,14,Urea_1.0kPa,1. urea,HM,48.d,Bacteria,p_Nitrospirae,
,D21.01,105,D21.01,16S rDNA,19.D21_1kPa_N,21,Urea_1.0kPa,1. urea,HM,49.d,Bacteria,p_Nitrospirae,
,D21.04,102,D21.04,16S rDNA,19.D21_1kPa_N,21,Urea_1.0kPa,1. urea,HM,50.d,Bacteria,p_Nitrospirae,
,D35.01,42,D35.01,16S rDNA,20.D35_1kPa_N,35,Urea_1.0kPa,1. urea,HM,52.d,Bacteria,p_Nitrospirae,
,D35.02,42,D35.02,16S rDNA,20.D35_1kPa_N,35,Urea_1.0kPa,1. urea,HM,53.d,Bacteria,p_Nitrospirae,
,D35.03,57,D35.03,16S rDNA,20.D35_1kPa_N,35,Urea_1.0kPa,1. urea,HM,54.d,Bacteria,p_Nitrospirae,
,D63.01,73,D63.01,16S rDNA,21.D63_1kPa_N,63,Urea_1.0kPa,1. urea,HM,55.d,Bacteria,p_Nitrospirae,
,D63.02,81,D63.02,16S rDNA,21.D63_1kPa_N,63,Urea_1.0kPa,1. urea,HM,56.d,Bacteria,p_Nitrospirae,
,D0.13,296,D0.13,16S rDNA,02.D0_10kPa ,0,No_Urea_10kPa,2. No urea,LM,04.d,Bacteria,p_Planctomycetes,
,D0.14,284,D0.14,16S rDNA,02.D0_10kPa ,0,No_Urea_10kPa,2. No urea,LM,05.d,Bacteria,p_Planctomycetes,
,D0.15,272,D0.15,16S rDNA,02.D0_10kPa ,0,No_Urea_10kPa,2. No urea,LM,06.d,Bacteria,p_Planctomycetes,
,D7.13,236,D7.13,16S rDNA,03.D7_10kPa ,7,No_Urea_10kPa,2. No urea,LM,07.d,Bacteria,p_Planctomycetes,
,D7.14,252,D7.14,16S rDNA,03.D7_10kPa ,7,No_Urea_10kPa,2. No urea,LM,08.d,Bacteria,p_Planctomycetes,
,D7.15,159,D7.15,16S rDNA,03.D7_10kPa ,7,No_Urea_10kPa,2. No urea,LM,09.d,Bacteria,p_Planctomycetes,
,D21.16,301,D21.16,16S rDNA,04.D21_10kPa ,21,No_Urea_10kPa,2. No urea,LM,10.d,Bacteria,p_Planctomycetes,
,D63.13,272,D63.13,16S rDNA,05.D63_10kPa ,63,No_Urea_10kPa,2. No urea,LM,11.d,Bacteria,p_Planctomycetes,
,D63.14,256,D63.14,16S rDNA,05.D63_10kPa ,63,No_Urea_10kPa,2. No urea,LM,12.d,Bacteria,p_Planctomycetes,
,D63.15,268,D63.15,16S rDNA,05.D63_10kPa ,63,No_Urea_10kPa,2. No urea,LM,13.d,Bacteria,p_Planctomycetes,
,D0.09,316,D0.09,16S rDNA,06.D0_1kPa ,0,No_Urea_1.0kPa,2. No urea,HM,14.d,Bacteria,p_Planctomycetes,
,D0.10,253,D0.10,16S rDNA,06.D0_1kPa ,0,No_Urea_1.0kPa,2. No urea,HM,15.d,Bacteria,p_Planctomycetes,
,D0.11,274,D0.11,16S rDNA,06.D0_1kPa ,0,No_Urea_1.0kPa,2. No urea,HM,16.d,Bacteria,p_Planctomycetes,
,D7.09,179,D7.09,16S rDNA,07.D7_1kPa ,7,No_Urea_1.0kPa,2. No urea,HM,17.d,Bacteria,p_Planctomycetes,
,D7.10,238,D7.10,16S rDNA,07.D7_1kPa ,7,No_Urea_1.0kPa,2. No urea,HM,18.d,Bacteria,p_Planctomycetes,
,D7.11,189,D7.11,16S rDNA,07.D7_1kPa ,7,No_Urea_1.0kPa,2. No urea,HM,19.d,Bacteria,p_Planctomycetes,
,D21.09,310,D21.09,16S rDNA,08.D21_1kPa ,21,No_Urea_1.0kPa,2. No urea,HM,20.d,Bacteria,p_Planctomycetes,
,D21.10,279,D21.10,16S rDNA,08.D21_1kPa ,21,No_Urea_1.0kPa,2. No urea,HM,21.d,Bacteria,p_Planctomycetes,
,D21.11,285,D21.11,16S rDNA,08.D21_1kPa ,21,No_Urea_1.0kPa,2. No urea,HM,22.d,Bacteria,p_Planctomycetes,
,D63.09,323,D63.09,16S rDNA,09.D63_1kPa ,63,No_Urea_1.0kPa,2. No urea,HM,23.d,Bacteria,p_Planctomycetes,
,D63.10,294,D63.10,16S rDNA,09.D63_1kPa ,63,No_Urea_1.0kPa,2. No urea,HM,24.d,Bacteria,p_Planctomycetes,
,D63.11,285,D63.11,16S rDNA,09.D63_1kPa ,63,No_Urea_1.0kPa,2. No urea,HM,25.d,Bacteria,p_Planctomycetes,
,D0.05,292,D0.05,16S rDNA,10.D0_10kPa_N,0,Urea_10kPa,1. urea,LM,26.d,Bacteria,p_Planctomycetes,
,D0.07,209,D0.07,16S rDNA,10.D0_10kPa_N,0,Urea_10kPa,1. urea,LM,27.d,Bacteria,p_Planctomycetes,
,D0.08,196,D0.08,16S rDNA,10.D0_10kPa_N,0,Urea_10kPa,1. urea,LM,28.d,Bacteria,p_Planctomycetes,
,D7.08,110,D7.08,16S rDNA,11.D7_10kPa_N,7,Urea_10kPa,1. urea,LM,29.d,Bacteria,p_Planctomycetes,
,D14.06,108,D14.06,16S rDNA,12.D14_10kPa_N,14,Urea_10kPa,1. urea,LM,30.d,Bacteria,p_Planctomycetes,
,D14.07,79,D14.07,16S rDNA,12.D14_10kPa_N,14,Urea_10kPa,1. urea,LM,31.d,Bacteria,p_Planctomycetes,
,D14.08,95,D14.08,16S rDNA,12.D14_10kPa_N,14,Urea_10kPa,1. urea,LM,32.d,Bacteria,p_Planctomycetes,
,D21.08,144,D21.08,16S rDNA,13.D21_10kPa_N,21,Urea_10kPa,1. urea,LM,33.d,Bacteria,p_Planctomycetes,
,D35.05,166,D35.05,16S rDNA,14.D35_10kPa_N,35,Urea_10kPa,1. urea,LM,34.d,Bacteria,p_Planctomycetes,
,D35.06,111,D35.06,16S rDNA,14.D35_10kPa_N,35,Urea_10kPa,1. urea,LM,35.d,Bacteria,p_Planctomycetes,
,D35.07,138,D35.07,16S rDNA,14.D35_10kPa_N,35,Urea_10kPa,1. urea,LM,36.d,Bacteria,p_Planctomycetes,
,D63.05,120,D63.05,16S rDNA,15.D63_10kPa_N,63,Urea_10kPa,1. urea,LM,37.d,Bacteria,p_Planctomycetes,
,D63.06,126,D63.06,16S rDNA,15.D63_10kPa_N,63,Urea_10kPa,1. urea,LM,38.d,Bacteria,p_Planctomycetes,
,D63.07,132,D63.07,16S rDNA,15.D63_10kPa_N,63,Urea_10kPa,1. urea,LM,39.d,Bacteria,p_Planctomycetes,
,D0.01,232,D0.01,16S rDNA,16.D0_1kPa_N,0,Urea_1.0kPa,1. urea,HM,40.d,Bacteria,p_Planctomycetes,
,D0.02,242,D0.02,16S rDNA,16.D0_1kPa_N,0,Urea_1.0kPa,1. urea,HM,41.d,Bacteria,p_Planctomycetes,
,D0.03,260,D0.03,16S rDNA,16.D0_1kPa_N,0,Urea_1.0kPa,1. urea,HM,42.d,Bacteria,p_Planctomycetes,
,D7.01,136,D7.01,16S rDNA,17.D7_1kPa_N,7,Urea_1.0kPa,1. urea,HM,43.d,Bacteria,p_Planctomycetes,
,D7.02,125,D7.02,16S rDNA,17.D7_1kPa_N,7,Urea_1.0kPa,1. urea,HM,44.d,Bacteria,p_Planctomycetes,
,D7.03,96,D7.03,16S rDNA,17.D7_1kPa_N,7,Urea_1.0kPa,1. urea,HM,45.d,Bacteria,p_Planctomycetes,
,D14.02,86,D14.02,16S rDNA,18.D14_1kPa_N,14,Urea_1.0kPa,1. urea,HM,46.d,Bacteria,p_Planctomycetes,
,D14.03,145,D14.03,16S rDNA,18.D14_1kPa_N,14,Urea_1.0kPa,1. urea,HM,47.d,Bacteria,p_Planctomycetes,
,D14.04,91,D14.04,16S rDNA,18.D14_1kPa_N,14,Urea_1.0kPa,1. urea,HM,48.d,Bacteria,p_Planctomycetes,
,D21.01,132,D21.01,16S rDNA,19.D21_1kPa_N,21,Urea_1.0kPa,1. urea,HM,49.d,Bacteria,p_Planctomycetes,
,D21.04,170,D21.04,16S rDNA,19.D21_1kPa_N,21,Urea_1.0kPa,1. urea,HM,50.d,Bacteria,p_Planctomycetes,
,D35.01,80,D35.01,16S rDNA,20.D35_1kPa_N,35,Urea_1.0kPa,1. urea,HM,52.d,Bacteria,p_Planctomycetes,
,D35.02,69,D35.02,16S rDNA,20.D35_1kPa_N,35,Urea_1.0kPa,1. urea,HM,53.d,Bacteria,p_Planctomycetes,
,D35.03,67,D35.03,16S rDNA,20.D35_1kPa_N,35,Urea_1.0kPa,1. urea,HM,54.d,Bacteria,p_Planctomycetes,
,D63.01,97,D63.01,16S rDNA,21.D63_1kPa_N,63,Urea_1.0kPa,1. urea,HM,55.d,Bacteria,p_Planctomycetes,
,D63.02,52,D63.02,16S rDNA,21.D63_1kPa_N,63,Urea_1.0kPa,1. urea,HM,56.d,Bacteria,p_Planctomycetes,
,D0.13,109,D0.13,16S rDNA,02.D0_10kPa ,0,No_Urea_10kPa,2. No urea,LM,04.d,Bacteria,p_Thaumarchaeota,
,D0.14,156,D0.14,16S rDNA,02.D0_10kPa ,0,No_Urea_10kPa,2. No urea,LM,05.d,Bacteria,p_Thaumarchaeota,
,D0.15,144,D0.15,16S rDNA,02.D0_10kPa ,0,No_Urea_10kPa,2. No urea,LM,06.d,Bacteria,p_Thaumarchaeota,
,D7.13,91,D7.13,16S rDNA,03.D7_10kPa ,7,No_Urea_10kPa,2. No urea,LM,07.d,Bacteria,p_Thaumarchaeota,
,D7.14,106,D7.14,16S rDNA,03.D7_10kPa ,7,No_Urea_10kPa,2. No urea,LM,08.d,Bacteria,p_Thaumarchaeota,
,D7.15,73,D7.15,16S rDNA,03.D7_10kPa ,7,No_Urea_10kPa,2. No urea,LM,09.d,Bacteria,p_Thaumarchaeota,
,D21.16,196,D21.16,16S rDNA,04.D21_10kPa ,21,No_Urea_10kPa,2. No urea,LM,10.d,Bacteria,p_Thaumarchaeota,
,D63.13,163,D63.13,16S rDNA,05.D63_10kPa ,63,No_Urea_10kPa,2. No urea,LM,11.d,Bacteria,p_Thaumarchaeota,
,D63.14,220,D63.14,16S rDNA,05.D63_10kPa ,63,No_Urea_10kPa,2. No urea,LM,12.d,Bacteria,p_Thaumarchaeota,
,D63.15,171,D63.15,16S rDNA,05.D63_10kPa ,63,No_Urea_10kPa,2. No urea,LM,13.d,Bacteria,p_Thaumarchaeota,
,D0.09,100,D0.09,16S rDNA,06.D0_1kPa ,0,No_Urea_1.0kPa,2. No urea,HM,14.d,Bacteria,p_Thaumarchaeota,
,D0.10,124,D0.10,16S rDNA,06.D0_1kPa ,0,No_Urea_1.0kPa,2. No urea,HM,15.d,Bacteria,p_Thaumarchaeota,
,D0.11,150,D0.11,16S rDNA,06.D0_1kPa ,0,No_Urea_1.0kPa,2. No urea,HM,16.d,Bacteria,p_Thaumarchaeota,
,D7.09,104,D7.09,16S rDNA,07.D7_1kPa ,7,No_Urea_1.0kPa,2. No urea,HM,17.d,Bacteria,p_Thaumarchaeota,
,D7.10,88,D7.10,16S rDNA,07.D7_1kPa ,7,No_Urea_1.0kPa,2. No urea,HM,18.d,Bacteria,p_Thaumarchaeota,
,D7.11,88,D7.11,16S rDNA,07.D7_1kPa ,7,No_Urea_1.0kPa,2. No urea,HM,19.d,Bacteria,p_Thaumarchaeota,
,D21.09,114,D21.09,16S rDNA,08.D21_1kPa ,21,No_Urea_1.0kPa,2. No urea,HM,20.d,Bacteria,p_Thaumarchaeota,
,D21.10,122,D21.10,16S rDNA,08.D21_1kPa ,21,No_Urea_1.0kPa,2. No urea,HM,21.d,Bacteria,p_Thaumarchaeota,
,D21.11,153,D21.11,16S rDNA,08.D21_1kPa ,21,No_Urea_1.0kPa,2. No urea,HM,22.d,Bacteria,p_Thaumarchaeota,
,D63.09,170,D63.09,16S rDNA,09.D63_1kPa ,63,No_Urea_1.0kPa,2. No urea,HM,23.d,Bacteria,p_Thaumarchaeota,
,D63.10,144,D63.10,16S rDNA,09.D63_1kPa ,63,No_Urea_1.0kPa,2. No urea,HM,24.d,Bacteria,p_Thaumarchaeota,
,D63.11,169,D63.11,16S rDNA,09.D63_1kPa ,63,No_Urea_1.0kPa,2. No urea,HM,25.d,Bacteria,p_Thaumarchaeota,
,D0.05,130,D0.05,16S rDNA,10.D0_10kPa_N,0,Urea_10kPa,1. urea,LM,26.d,Bacteria,p_Thaumarchaeota,
,D0.07,209,D0.07,16S rDNA,10.D0_10kPa_N,0,Urea_10kPa,1. urea,LM,27.d,Bacteria,p_Thaumarchaeota,
,D0.08,234,D0.08,16S rDNA,10.D0_10kPa_N,0,Urea_10kPa,1. urea,LM,28.d,Bacteria,p_Thaumarchaeota,
,D7.08,189,D7.08,16S rDNA,11.D7_10kPa_N,7,Urea_10kPa,1. urea,LM,29.d,Bacteria,p_Thaumarchaeota,
,D14.06,47,D14.06,16S rDNA,12.D14_10kPa_N,14,Urea_10kPa,1. urea,LM,30.d,Bacteria,p_Thaumarchaeota,
,D14.07,52,D14.07,16S rDNA,12.D14_10kPa_N,14,Urea_10kPa,1. urea,LM,31.d,Bacteria,p_Thaumarchaeota,
,D14.08,68,D14.08,16S rDNA,12.D14_10kPa_N,14,Urea_10kPa,1. urea,LM,32.d,Bacteria,p_Thaumarchaeota,
,D21.08,106,D21.08,16S rDNA,13.D21_10kPa_N,21,Urea_10kPa,1. urea,LM,33.d,Bacteria,p_Thaumarchaeota,
,D35.05,57,D35.05,16S rDNA,14.D35_10kPa_N,35,Urea_10kPa,1. urea,LM,34.d,Bacteria,p_Thaumarchaeota,
,D35.06,59,D35.06,16S rDNA,14.D35_10kPa_N,35,Urea_10kPa,1. urea,LM,35.d,Bacteria,p_Thaumarchaeota,
,D35.07,43,D35.07,16S rDNA,14.D35_10kPa_N,35,Urea_10kPa,1. urea,LM,36.d,Bacteria,p_Thaumarchaeota,
,D63.05,64,D63.05,16S rDNA,15.D63_10kPa_N,63,Urea_10kPa,1. urea,LM,37.d,Bacteria,p_Thaumarchaeota,
,D63.06,60,D63.06,16S rDNA,15.D63_10kPa_N,63,Urea_10kPa,1. urea,LM,38.d,Bacteria,p_Thaumarchaeota,
,D63.07,36,D63.07,16S rDNA,15.D63_10kPa_N,63,Urea_10kPa,1. urea,LM,39.d,Bacteria,p_Thaumarchaeota,
,D0.01,149,D0.01,16S rDNA,16.D0_1kPa_N,0,Urea_1.0kPa,1. urea,HM,40.d,Bacteria,p_Thaumarchaeota,
,D0.02,163,D0.02,16S rDNA,16.D0_1kPa_N,0,Urea_1.0kPa,1. urea,HM,41.d,Bacteria,p_Thaumarchaeota,
,D0.03,147,D0.03,16S rDNA,16.D0_1kPa_N,0,Urea_1.0kPa,1. urea,HM,42.d,Bacteria,p_Thaumarchaeota,
,D7.01,64,D7.01,16S rDNA,17.D7_1kPa_N,7,Urea_1.0kPa,1. urea,HM,43.d,Bacteria,p_Thaumarchaeota,
,D7.02,80,D7.02,16S rDNA,17.D7_1kPa_N,7,Urea_1.0kPa,1. urea,HM,44.d,Bacteria,p_Thaumarchaeota,
,D7.03,77,D7.03,16S rDNA,17.D7_1kPa_N,7,Urea_1.0kPa,1. urea,HM,45.d,Bacteria,p_Thaumarchaeota,
,D14.02,42,D14.02,16S rDNA,18.D14_1kPa_N,14,Urea_1.0kPa,1. urea,HM,46.d,Bacteria,p_Thaumarchaeota,
,D14.03,81,D14.03,16S rDNA,18.D14_1kPa_N,14,Urea_1.0kPa,1. urea,HM,47.d,Bacteria,p_Thaumarchaeota,
,D14.04,72,D14.04,16S rDNA,18.D14_1kPa_N,14,Urea_1.0kPa,1. urea,HM,48.d,Bacteria,p_Thaumarchaeota,
,D21.01,55,D21.01,16S rDNA,19.D21_1kPa_N,21,Urea_1.0kPa,1. urea,HM,49.d,Bacteria,p_Thaumarchaeota,
,D21.04,67,D21.04,16S rDNA,19.D21_1kPa_N,21,Urea_1.0kPa,1. urea,HM,50.d,Bacteria,p_Thaumarchaeota,
,D35.01,20,D35.01,16S rDNA,20.D35_1kPa_N,35,Urea_1.0kPa,1. urea,HM,52.d,Bacteria,p_Thaumarchaeota,
,D35.02,28,D35.02,16S rDNA,20.D35_1kPa_N,35,Urea_1.0kPa,1. urea,HM,53.d,Bacteria,p_Thaumarchaeota,
,D35.03,40,D35.03,16S rDNA,20.D35_1kPa_N,35,Urea_1.0kPa,1. urea,HM,54.d,Bacteria,p_Thaumarchaeota,
,D63.01,49,D63.01,16S rDNA,21.D63_1kPa_N,63,Urea_1.0kPa,1. urea,HM,55.d,Bacteria,p_Thaumarchaeota,
,D63.02,40,D63.02,16S rDNA,21.D63_1kPa_N,63,Urea_1.0kPa,1. urea,HM,56.d,Bacteria,p_Thaumarchaeota,
,D0.13,1544,D0.13,16S rDNA,02.D0_10kPa ,0,No_Urea_10kPa,2. No urea,LM,04.d,Bacteria,p_Verrucomicrobia,
,D0.14,1199,D0.14,16S rDNA,02.D0_10kPa ,0,No_Urea_10kPa,2. No urea,LM,05.d,Bacteria,p_Verrucomicrobia,
,D0.15,1413,D0.15,16S rDNA,02.D0_10kPa ,0,No_Urea_10kPa,2. No urea,LM,06.d,Bacteria,p_Verrucomicrobia,
,D7.13,1353,D7.13,16S rDNA,03.D7_10kPa ,7,No_Urea_10kPa,2. No urea,LM,07.d,Bacteria,p_Verrucomicrobia,
,D7.14,1327,D7.14,16S rDNA,03.D7_10kPa ,7,No_Urea_10kPa,2. No urea,LM,08.d,Bacteria,p_Verrucomicrobia,
,D7.15,2257,D7.15,16S rDNA,03.D7_10kPa ,7,No_Urea_10kPa,2. No urea,LM,09.d,Bacteria,p_Verrucomicrobia,
,D21.16,1583,D21.16,16S rDNA,04.D21_10kPa ,21,No_Urea_10kPa,2. No urea,LM,10.d,Bacteria,p_Verrucomicrobia,
,D63.13,1490,D63.13,16S rDNA,05.D63_10kPa ,63,No_Urea_10kPa,2. No urea,LM,11.d,Bacteria,p_Verrucomicrobia,
,D63.14,1853,D63.14,16S rDNA,05.D63_10kPa ,63,No_Urea_10kPa,2. No urea,LM,12.d,Bacteria,p_Verrucomicrobia,
,D63.15,1484,D63.15,16S rDNA,05.D63_10kPa ,63,No_Urea_10kPa,2. No urea,LM,13.d,Bacteria,p_Verrucomicrobia,
,D0.09,1887,D0.09,16S rDNA,06.D0_1kPa ,0,No_Urea_1.0kPa,2. No urea,HM,14.d,Bacteria,p_Verrucomicrobia,
,D0.10,1266,D0.10,16S rDNA,06.D0_1kPa ,0,No_Urea_1.0kPa,2. No urea,HM,15.d,Bacteria,p_Verrucomicrobia,
,D0.11,1267,D0.11,16S rDNA,06.D0_1kPa ,0,No_Urea_1.0kPa,2. No urea,HM,16.d,Bacteria,p_Verrucomicrobia,
,D7.09,1848,D7.09,16S rDNA,07.D7_1kPa ,7,No_Urea_1.0kPa,2. No urea,HM,17.d,Bacteria,p_Verrucomicrobia,
,D7.10,1308,D7.10,16S rDNA,07.D7_1kPa ,7,No_Urea_1.0kPa,2. No urea,HM,18.d,Bacteria,p_Verrucomicrobia,
,D7.11,1255,D7.11,16S rDNA,07.D7_1kPa ,7,No_Urea_1.0kPa,2. No urea,HM,19.d,Bacteria,p_Verrucomicrobia,
,D21.09,1333,D21.09,16S rDNA,08.D21_1kPa ,21,No_Urea_1.0kPa,2. No urea,HM,20.d,Bacteria,p_Verrucomicrobia,
,D21.10,1338,D21.10,16S rDNA,08.D21_1kPa ,21,No_Urea_1.0kPa,2. No urea,HM,21.d,Bacteria,p_Verrucomicrobia,
,D21.11,1393,D21.11,16S rDNA,08.D21_1kPa ,21,No_Urea_1.0kPa,2. No urea,HM,22.d,Bacteria,p_Verrucomicrobia,
,D63.09,1260,D63.09,16S rDNA,09.D63_1kPa ,63,No_Urea_1.0kPa,2. No urea,HM,23.d,Bacteria,p_Verrucomicrobia,
,D63.10,1472,D63.10,16S rDNA,09.D63_1kPa ,63,No_Urea_1.0kPa,2. No urea,HM,24.d,Bacteria,p_Verrucomicrobia,
,D63.11,1459,D63.11,16S rDNA,09.D63_1kPa ,63,No_Urea_1.0kPa,2. No urea,HM,25.d,Bacteria,p_Verrucomicrobia,
,D0.05,1806,D0.05,16S rDNA,10.D0_10kPa_N,0,Urea_10kPa,1. urea,LM,26.d,Bacteria,p_Verrucomicrobia,
,D0.07,1269,D0.07,16S rDNA,10.D0_10kPa_N,0,Urea_10kPa,1. urea,LM,27.d,Bacteria,p_Verrucomicrobia,
,D0.08,1752,D0.08,16S rDNA,10.D0_10kPa_N,0,Urea_10kPa,1. urea,LM,28.d,Bacteria,p_Verrucomicrobia,
,D7.08,827,D7.08,16S rDNA,11.D7_10kPa_N,7,Urea_10kPa,1. urea,LM,29.d,Bacteria,p_Verrucomicrobia,
,D14.06,832,D14.06,16S rDNA,12.D14_10kPa_N,14,Urea_10kPa,1. urea,LM,30.d,Bacteria,p_Verrucomicrobia,
,D14.07,788,D14.07,16S rDNA,12.D14_10kPa_N,14,Urea_10kPa,1. urea,LM,31.d,Bacteria,p_Verrucomicrobia,
,D14.08,898,D14.08,16S rDNA,12.D14_10kPa_N,14,Urea_10kPa,1. urea,LM,32.d,Bacteria,p_Verrucomicrobia,
,D21.08,1060,D21.08,16S rDNA,13.D21_10kPa_N,21,Urea_10kPa,1. urea,LM,33.d,Bacteria,p_Verrucomicrobia,
,D35.05,831,D35.05,16S rDNA,14.D35_10kPa_N,35,Urea_10kPa,1. urea,LM,34.d,Bacteria,p_Verrucomicrobia,
,D35.06,920,D35.06,16S rDNA,14.D35_10kPa_N,35,Urea_10kPa,1. urea,LM,35.d,Bacteria,p_Verrucomicrobia,
,D35.07,892,D35.07,16S rDNA,14.D35_10kPa_N,35,Urea_10kPa,1. urea,LM,36.d,Bacteria,p_Verrucomicrobia,
,D63.05,904,D63.05,16S rDNA,15.D63_10kPa_N,63,Urea_10kPa,1. urea,LM,37.d,Bacteria,p_Verrucomicrobia,
,D63.06,810,D63.06,16S rDNA,15.D63_10kPa_N,63,Urea_10kPa,1. urea,LM,38.d,Bacteria,p_Verrucomicrobia,
,D63.07,661,D63.07,16S rDNA,15.D63_10kPa_N,63,Urea_10kPa,1. urea,LM,39.d,Bacteria,p_Verrucomicrobia,
,D0.01,1621,D0.01,16S rDNA,16.D0_1kPa_N,0,Urea_1.0kPa,1. urea,HM,40.d,Bacteria,p_Verrucomicrobia,
,D0.02,1150,D0.02,16S rDNA,16.D0_1kPa_N,0,Urea_1.0kPa,1. urea,HM,41.d,Bacteria,p_Verrucomicrobia,
,D0.03,1228,D0.03,16S rDNA,16.D0_1kPa_N,0,Urea_1.0kPa,1. urea,HM,42.d,Bacteria,p_Verrucomicrobia,
,D7.01,846,D7.01,16S rDNA,17.D7_1kPa_N,7,Urea_1.0kPa,1. urea,HM,43.d,Bacteria,p_Verrucomicrobia,
,D7.02,740,D7.02,16S rDNA,17.D7_1kPa_N,7,Urea_1.0kPa,1. urea,HM,44.d,Bacteria,p_Verrucomicrobia,
,D7.03,995,D7.03,16S rDNA,17.D7_1kPa_N,7,Urea_1.0kPa,1. urea,HM,45.d,Bacteria,p_Verrucomicrobia,
,D14.02,1166,D14.02,16S rDNA,18.D14_1kPa_N,14,Urea_1.0kPa,1. urea,HM,46.d,Bacteria,p_Verrucomicrobia,
,D14.03,838,D14.03,16S rDNA,18.D14_1kPa_N,14,Urea_1.0kPa,1. urea,HM,47.d,Bacteria,p_Verrucomicrobia,
,D14.04,752,D14.04,16S rDNA,18.D14_1kPa_N,14,Urea_1.0kPa,1. urea,HM,48.d,Bacteria,p_Verrucomicrobia,
,D21.01,810,D21.01,16S rDNA,19.D21_1kPa_N,21,Urea_1.0kPa,1. urea,HM,49.d,Bacteria,p_Verrucomicrobia,
,D21.04,679,D21.04,16S rDNA,19.D21_1kPa_N,21,Urea_1.0kPa,1. urea,HM,50.d,Bacteria,p_Verrucomicrobia,
,D35.01,540,D35.01,16S rDNA,20.D35_1kPa_N,35,Urea_1.0kPa,1. urea,HM,52.d,Bacteria,p_Verrucomicrobia,
,D35.02,477,D35.02,16S rDNA,20.D35_1kPa_N,35,Urea_1.0kPa,1. urea,HM,53.d,Bacteria,p_Verrucomicrobia,
,D35.03,696,D35.03,16S rDNA,20.D35_1kPa_N,35,Urea_1.0kPa,1. urea,HM,54.d,Bacteria,p_Verrucomicrobia,
,D63.01,764,D63.01,16S rDNA,21.D63_1kPa_N,63,Urea_1.0kPa,1. urea,HM,55.d,Bacteria,p_Verrucomicrobia,
,D63.02,445,D63.02,16S rDNA,21.D63_1kPa_N,63,Urea_1.0kPa,1. urea,HM,56.d,Bacteria,p_Verrucomicrobia,
,D0.13,788,D0.13,16S rDNA,02.D0_10kPa ,0,No_Urea_10kPa,2. No urea,LM,04.d,Bacteria,c_Alphaproteobacteria,
,D0.14,871,D0.14,16S rDNA,02.D0_10kPa ,0,No_Urea_10kPa,2. No urea,LM,05.d,Bacteria,c_Alphaproteobacteria,
,D0.15,909,D0.15,16S rDNA,02.D0_10kPa ,0,No_Urea_10kPa,2. No urea,LM,06.d,Bacteria,c_Alphaproteobacteria,
,D7.13,873,D7.13,16S rDNA,03.D7_10kPa ,7,No_Urea_10kPa,2. No urea,LM,07.d,Bacteria,c_Alphaproteobacteria,
,D7.14,989,D7.14,16S rDNA,03.D7_10kPa ,7,No_Urea_10kPa,2. No urea,LM,08.d,Bacteria,c_Alphaproteobacteria,
,D7.15,770,D7.15,16S rDNA,03.D7_10kPa ,7,No_Urea_10kPa,2. No urea,LM,09.d,Bacteria,c_Alphaproteobacteria,
,D21.16,848,D21.16,16S rDNA,04.D21_10kPa ,21,No_Urea_10kPa,2. No urea,LM,10.d,Bacteria,c_Alphaproteobacteria,
,D63.13,788,D63.13,16S rDNA,05.D63_10kPa ,63,No_Urea_10kPa,2. No urea,LM,11.d,Bacteria,c_Alphaproteobacteria,
,D63.14,727,D63.14,16S rDNA,05.D63_10kPa ,63,No_Urea_10kPa,2. No urea,LM,12.d,Bacteria,c_Alphaproteobacteria,
,D63.15,830,D63.15,16S rDNA,05.D63_10kPa ,63,No_Urea_10kPa,2. No urea,LM,13.d,Bacteria,c_Alphaproteobacteria,
,D0.09,760,D0.09,16S rDNA,06.D0_1kPa ,0,No_Urea_1.0kPa,2. No urea,HM,14.d,Bacteria,c_Alphaproteobacteria,
,D0.10,991,D0.10,16S rDNA,06.D0_1kPa ,0,No_Urea_1.0kPa,2. No urea,HM,15.d,Bacteria,c_Alphaproteobacteria,
,D0.11,1002,D0.11,16S rDNA,06.D0_1kPa ,0,No_Urea_1.0kPa,2. No urea,HM,16.d,Bacteria,c_Alphaproteobacteria,
,D7.09,892,D7.09,16S rDNA,07.D7_1kPa ,7,No_Urea_1.0kPa,2. No urea,HM,17.d,Bacteria,c_Alphaproteobacteria,
,D7.10,863,D7.10,16S rDNA,07.D7_1kPa ,7,No_Urea_1.0kPa,2. No urea,HM,18.d,Bacteria,c_Alphaproteobacteria,
,D7.11,968,D7.11,16S rDNA,07.D7_1kPa ,7,No_Urea_1.0kPa,2. No urea,HM,19.d,Bacteria,c_Alphaproteobacteria,
,D21.09,899,D21.09,16S rDNA,08.D21_1kPa ,21,No_Urea_1.0kPa,2. No urea,HM,20.d,Bacteria,c_Alphaproteobacteria,
,D21.10,988,D21.10,16S rDNA,08.D21_1kPa ,21,No_Urea_1.0kPa,2. No urea,HM,21.d,Bacteria,c_Alphaproteobacteria,
,D21.11,966,D21.11,16S rDNA,08.D21_1kPa ,21,No_Urea_1.0kPa,2. No urea,HM,22.d,Bacteria,c_Alphaproteobacteria,
,D63.09,850,D63.09,16S rDNA,09.D63_1kPa ,63,No_Urea_1.0kPa,2. No urea,HM,23.d,Bacteria,c_Alphaproteobacteria,
,D63.10,739,D63.10,16S rDNA,09.D63_1kPa ,63,No_Urea_1.0kPa,2. No urea,HM,24.d,Bacteria,c_Alphaproteobacteria,
,D63.11,722,D63.11,16S rDNA,09.D63_1kPa ,63,No_Urea_1.0kPa,2. No urea,HM,25.d,Bacteria,c_Alphaproteobacteria,
,D0.05,846,D0.05,16S rDNA,10.D0_10kPa_N,0,Urea_10kPa,1. urea,LM,26.d,Bacteria,c_Alphaproteobacteria,
,D0.07,1071,D0.07,16S rDNA,10.D0_10kPa_N,0,Urea_10kPa,1. urea,LM,27.d,Bacteria,c_Alphaproteobacteria,
,D0.08,715,D0.08,16S rDNA,10.D0_10kPa_N,0,Urea_10kPa,1. urea,LM,28.d,Bacteria,c_Alphaproteobacteria,
,D7.08,523,D7.08,16S rDNA,11.D7_10kPa_N,7,Urea_10kPa,1. urea,LM,29.d,Bacteria,c_Alphaproteobacteria,
,D14.06,1355,D14.06,16S rDNA,12.D14_10kPa_N,14,Urea_10kPa,1. urea,LM,30.d,Bacteria,c_Alphaproteobacteria,
,D14.07,1096,D14.07,16S rDNA,12.D14_10kPa_N,14,Urea_10kPa,1. urea,LM,31.d,Bacteria,c_Alphaproteobacteria,
,D14.08,1085,D14.08,16S rDNA,12.D14_10kPa_N,14,Urea_10kPa,1. urea,LM,32.d,Bacteria,c_Alphaproteobacteria,
,D21.08,1015,D21.08,16S rDNA,13.D21_10kPa_N,21,Urea_10kPa,1. urea,LM,33.d,Bacteria,c_Alphaproteobacteria,
,D35.05,805,D35.05,16S rDNA,14.D35_10kPa_N,35,Urea_10kPa,1. urea,LM,34.d,Bacteria,c_Alphaproteobacteria,
,D35.06,1033,D35.06,16S rDNA,14.D35_10kPa_N,35,Urea_10kPa,1. urea,LM,35.d,Bacteria,c_Alphaproteobacteria,
,D35.07,1074,D35.07,16S rDNA,14.D35_10kPa_N,35,Urea_10kPa,1. urea,LM,36.d,Bacteria,c_Alphaproteobacteria,
,D63.05,1329,D63.05,16S rDNA,15.D63_10kPa_N,63,Urea_10kPa,1. urea,LM,37.d,Bacteria,c_Alphaproteobacteria,
,D63.06,1327,D63.06,16S rDNA,15.D63_10kPa_N,63,Urea_10kPa,1. urea,LM,38.d,Bacteria,c_Alphaproteobacteria,
,D63.07,1797,D63.07,16S rDNA,15.D63_10kPa_N,63,Urea_10kPa,1. urea,LM,39.d,Bacteria,c_Alphaproteobacteria,
,D0.01,971,D0.01,16S rDNA,16.D0_1kPa_N,0,Urea_1.0kPa,1. urea,HM,40.d,Bacteria,c_Alphaproteobacteria,
,D0.02,976,D0.02,16S rDNA,16.D0_1kPa_N,0,Urea_1.0kPa,1. urea,HM,41.d,Bacteria,c_Alphaproteobacteria,
,D0.03,982,D0.03,16S rDNA,16.D0_1kPa_N,0,Urea_1.0kPa,1. urea,HM,42.d,Bacteria,c_Alphaproteobacteria,
,D7.01,1079,D7.01,16S rDNA,17.D7_1kPa_N,7,Urea_1.0kPa,1. urea,HM,43.d,Bacteria,c_Alphaproteobacteria,
,D7.02,902,D7.02,16S rDNA,17.D7_1kPa_N,7,Urea_1.0kPa,1. urea,HM,44.d,Bacteria,c_Alphaproteobacteria,
,D7.03,819,D7.03,16S rDNA,17.D7_1kPa_N,7,Urea_1.0kPa,1. urea,HM,45.d,Bacteria,c_Alphaproteobacteria,
,D14.02,1095,D14.02,16S rDNA,18.D14_1kPa_N,14,Urea_1.0kPa,1. urea,HM,46.d,Bacteria,c_Alphaproteobacteria,
,D14.03,864,D14.03,16S rDNA,18.D14_1kPa_N,14,Urea_1.0kPa,1. urea,HM,47.d,Bacteria,c_Alphaproteobacteria,
,D14.04,1353,D14.04,16S rDNA,18.D14_1kPa_N,14,Urea_1.0kPa,1. urea,HM,48.d,Bacteria,c_Alphaproteobacteria,
,D21.01,1112,D21.01,16S rDNA,19.D21_1kPa_N,21,Urea_1.0kPa,1. urea,HM,49.d,Bacteria,c_Alphaproteobacteria,
,D21.04,1308,D21.04,16S rDNA,19.D21_1kPa_N,21,Urea_1.0kPa,1. urea,HM,50.d,Bacteria,c_Alphaproteobacteria,
,D35.01,1497,D35.01,16S rDNA,20.D35_1kPa_N,35,Urea_1.0kPa,1. urea,HM,52.d,Bacteria,c_Alphaproteobacteria,
,D35.02,1457,D35.02,16S rDNA,20.D35_1kPa_N,35,Urea_1.0kPa,1. urea,HM,53.d,Bacteria,c_Alphaproteobacteria,
,D35.03,1169,D35.03,16S rDNA,20.D35_1kPa_N,35,Urea_1.0kPa,1. urea,HM,54.d,Bacteria,c_Alphaproteobacteria,
,D63.01,974,D63.01,16S rDNA,21.D63_1kPa_N,63,Urea_1.0kPa,1. urea,HM,55.d,Bacteria,c_Alphaproteobacteria,
,D63.02,914,D63.02,16S rDNA,21.D63_1kPa_N,63,Urea_1.0kPa,1. urea,HM,56.d,Bacteria,c_Alphaproteobacteria,
,D0.13,254,D0.13,16S rDNA,02.D0_10kPa ,0,No_Urea_10kPa,2. No urea,LM,04.d,Bacteria,c_Betaproteobacteria,
,D0.14,325,D0.14,16S rDNA,02.D0_10kPa ,0,No_Urea_10kPa,2. No urea,LM,05.d,Bacteria,c_Betaproteobacteria,
,D0.15,300,D0.15,16S rDNA,02.D0_10kPa ,0,No_Urea_10kPa,2. No urea,LM,06.d,Bacteria,c_Betaproteobacteria,
,D7.13,276,D7.13,16S rDNA,03.D7_10kPa ,7,No_Urea_10kPa,2. No urea,LM,07.d,Bacteria,c_Betaproteobacteria,
,D7.14,313,D7.14,16S rDNA,03.D7_10kPa ,7,No_Urea_10kPa,2. No urea,LM,08.d,Bacteria,c_Betaproteobacteria,
,D7.15,222,D7.15,16S rDNA,03.D7_10kPa ,7,No_Urea_10kPa,2. No urea,LM,09.d,Bacteria,c_Betaproteobacteria,
,D21.16,298,D21.16,16S rDNA,04.D21_10kPa ,21,No_Urea_10kPa,2. No urea,LM,10.d,Bacteria,c_Betaproteobacteria,
,D63.13,289,D63.13,16S rDNA,05.D63_10kPa ,63,No_Urea_10kPa,2. No urea,LM,11.d,Bacteria,c_Betaproteobacteria,
,D63.14,272,D63.14,16S rDNA,05.D63_10kPa ,63,No_Urea_10kPa,2. No urea,LM,12.d,Bacteria,c_Betaproteobacteria,
,D63.15,281,D63.15,16S rDNA,05.D63_10kPa ,63,No_Urea_10kPa,2. No urea,LM,13.d,Bacteria,c_Betaproteobacteria,
,D0.09,203,D0.09,16S rDNA,06.D0_1kPa ,0,No_Urea_1.0kPa,2. No urea,HM,14.d,Bacteria,c_Betaproteobacteria,
,D0.10,311,D0.10,16S rDNA,06.D0_1kPa ,0,No_Urea_1.0kPa,2. No urea,HM,15.d,Bacteria,c_Betaproteobacteria,
,D0.11,276,D0.11,16S rDNA,06.D0_1kPa ,0,No_Urea_1.0kPa,2. No urea,HM,16.d,Bacteria,c_Betaproteobacteria,
,D7.09,225,D7.09,16S rDNA,07.D7_1kPa ,7,No_Urea_1.0kPa,2. No urea,HM,17.d,Bacteria,c_Betaproteobacteria,
,D7.10,286,D7.10,16S rDNA,07.D7_1kPa ,7,No_Urea_1.0kPa,2. No urea,HM,18.d,Bacteria,c_Betaproteobacteria,
,D7.11,317,D7.11,16S rDNA,07.D7_1kPa ,7,No_Urea_1.0kPa,2. No urea,HM,19.d,Bacteria,c_Betaproteobacteria,
,D21.09,251,D21.09,16S rDNA,08.D21_1kPa ,21,No_Urea_1.0kPa,2. No urea,HM,20.d,Bacteria,c_Betaproteobacteria,
,D21.10,256,D21.10,16S rDNA,08.D21_1kPa ,21,No_Urea_1.0kPa,2. No urea,HM,21.d,Bacteria,c_Betaproteobacteria,
,D21.11,302,D21.11,16S rDNA,08.D21_1kPa ,21,No_Urea_1.0kPa,2. No urea,HM,22.d,Bacteria,c_Betaproteobacteria,
,D63.09,277,D63.09,16S rDNA,09.D63_1kPa ,63,No_Urea_1.0kPa,2. No urea,HM,23.d,Bacteria,c_Betaproteobacteria,
,D63.10,272,D63.10,16S rDNA,09.D63_1kPa ,63,No_Urea_1.0kPa,2. No urea,HM,24.d,Bacteria,c_Betaproteobacteria,
,D63.11,251,D63.11,16S rDNA,09.D63_1kPa ,63,No_Urea_1.0kPa,2. No urea,HM,25.d,Bacteria,c_Betaproteobacteria,
,D0.05,245,D0.05,16S rDNA,10.D0_10kPa_N,0,Urea_10kPa,1. urea,LM,26.d,Bacteria,c_Betaproteobacteria,
,D0.07,306,D0.07,16S rDNA,10.D0_10kPa_N,0,Urea_10kPa,1. urea,LM,27.d,Bacteria,c_Betaproteobacteria,
,D0.08,237,D0.08,16S rDNA,10.D0_10kPa_N,0,Urea_10kPa,1. urea,LM,28.d,Bacteria,c_Betaproteobacteria,
,D7.08,290,D7.08,16S rDNA,11.D7_10kPa_N,7,Urea_10kPa,1. urea,LM,29.d,Bacteria,c_Betaproteobacteria,
,D14.06,504,D14.06,16S rDNA,12.D14_10kPa_N,14,Urea_10kPa,1. urea,LM,30.d,Bacteria,c_Betaproteobacteria,
,D14.07,499,D14.07,16S rDNA,12.D14_10kPa_N,14,Urea_10kPa,1. urea,LM,31.d,Bacteria,c_Betaproteobacteria,
,D14.08,450,D14.08,16S rDNA,12.D14_10kPa_N,14,Urea_10kPa,1. urea,LM,32.d,Bacteria,c_Betaproteobacteria,
,D21.08,499,D21.08,16S rDNA,13.D21_10kPa_N,21,Urea_10kPa,1. urea,LM,33.d,Bacteria,c_Betaproteobacteria,
,D35.05,550,D35.05,16S rDNA,14.D35_10kPa_N,35,Urea_10kPa,1. urea,LM,34.d,Bacteria,c_Betaproteobacteria,
,D35.06,584,D35.06,16S rDNA,14.D35_10kPa_N,35,Urea_10kPa,1. urea,LM,35.d,Bacteria,c_Betaproteobacteria,
,D35.07,443,D35.07,16S rDNA,14.D35_10kPa_N,35,Urea_10kPa,1. urea,LM,36.d,Bacteria,c_Betaproteobacteria,
,D63.05,416,D63.05,16S rDNA,15.D63_10kPa_N,63,Urea_10kPa,1. urea,LM,37.d,Bacteria,c_Betaproteobacteria,
,D63.06,442,D63.06,16S rDNA,15.D63_10kPa_N,63,Urea_10kPa,1. urea,LM,38.d,Bacteria,c_Betaproteobacteria,
,D63.07,501,D63.07,16S rDNA,15.D63_10kPa_N,63,Urea_10kPa,1. urea,LM,39.d,Bacteria,c_Betaproteobacteria,
,D0.01,235,D0.01,16S rDNA,16.D0_1kPa_N,0,Urea_1.0kPa,1. urea,HM,40.d,Bacteria,c_Betaproteobacteria,
,D0.02,306,D0.02,16S rDNA,16.D0_1kPa_N,0,Urea_1.0kPa,1. urea,HM,41.d,Bacteria,c_Betaproteobacteria,
,D0.03,254,D0.03,16S rDNA,16.D0_1kPa_N,0,Urea_1.0kPa,1. urea,HM,42.d,Bacteria,c_Betaproteobacteria,
,D7.01,447,D7.01,16S rDNA,17.D7_1kPa_N,7,Urea_1.0kPa,1. urea,HM,43.d,Bacteria,c_Betaproteobacteria,
,D7.02,326,D7.02,16S rDNA,17.D7_1kPa_N,7,Urea_1.0kPa,1. urea,HM,44.d,Bacteria,c_Betaproteobacteria,
,D7.03,398,D7.03,16S rDNA,17.D7_1kPa_N,7,Urea_1.0kPa,1. urea,HM,45.d,Bacteria,c_Betaproteobacteria,
,D14.02,616,D14.02,16S rDNA,18.D14_1kPa_N,14,Urea_1.0kPa,1. urea,HM,46.d,Bacteria,c_Betaproteobacteria,
,D14.03,577,D14.03,16S rDNA,18.D14_1kPa_N,14,Urea_1.0kPa,1. urea,HM,47.d,Bacteria,c_Betaproteobacteria,
,D14.04,511,D14.04,16S rDNA,18.D14_1kPa_N,14,Urea_1.0kPa,1. urea,HM,48.d,Bacteria,c_Betaproteobacteria,
,D21.01,565,D21.01,16S rDNA,19.D21_1kPa_N,21,Urea_1.0kPa,1. urea,HM,49.d,Bacteria,c_Betaproteobacteria,
,D21.04,545,D21.04,16S rDNA,19.D21_1kPa_N,21,Urea_1.0kPa,1. urea,HM,50.d,Bacteria,c_Betaproteobacteria,
,D35.01,586,D35.01,16S rDNA,20.D35_1kPa_N,35,Urea_1.0kPa,1. urea,HM,52.d,Bacteria,c_Betaproteobacteria,
,D35.02,753,D35.02,16S rDNA,20.D35_1kPa_N,35,Urea_1.0kPa,1. urea,HM,53.d,Bacteria,c_Betaproteobacteria,
,D35.03,622,D35.03,16S rDNA,20.D35_1kPa_N,35,Urea_1.0kPa,1. urea,HM,54.d,Bacteria,c_Betaproteobacteria,
,D63.01,1104,D63.01,16S rDNA,21.D63_1kPa_N,63,Urea_1.0kPa,1. urea,HM,55.d,Bacteria,c_Betaproteobacteria,
,D63.02,1720,D63.02,16S rDNA,21.D63_1kPa_N,63,Urea_1.0kPa,1. urea,HM,56.d,Bacteria,c_Betaproteobacteria,
,D0.13,492,D0.13,16S rDNA,02.D0_10kPa ,0,No_Urea_10kPa,2. No urea,LM,04.d,Bacteria,c_Deltaproteobacteria,
,D0.14,608,D0.14,16S rDNA,02.D0_10kPa ,0,No_Urea_10kPa,2. No urea,LM,05.d,Bacteria,c_Deltaproteobacteria,
,D0.15,599,D0.15,16S rDNA,02.D0_10kPa ,0,No_Urea_10kPa,2. No urea,LM,06.d,Bacteria,c_Deltaproteobacteria,
,D7.13,525,D7.13,16S rDNA,03.D7_10kPa ,7,No_Urea_10kPa,2. No urea,LM,07.d,Bacteria,c_Deltaproteobacteria,
,D7.14,584,D7.14,16S rDNA,03.D7_10kPa ,7,No_Urea_10kPa,2. No urea,LM,08.d,Bacteria,c_Deltaproteobacteria,
,D7.15,670,D7.15,16S rDNA,03.D7_10kPa ,7,No_Urea_10kPa,2. No urea,LM,09.d,Bacteria,c_Deltaproteobacteria,
,D21.16,570,D21.16,16S rDNA,04.D21_10kPa ,21,No_Urea_10kPa,2. No urea,LM,10.d,Bacteria,c_Deltaproteobacteria,
,D63.13,574,D63.13,16S rDNA,05.D63_10kPa ,63,No_Urea_10kPa,2. No urea,LM,11.d,Bacteria,c_Deltaproteobacteria,
,D63.14,538,D63.14,16S rDNA,05.D63_10kPa ,63,No_Urea_10kPa,2. No urea,LM,12.d,Bacteria,c_Deltaproteobacteria,
,D63.15,547,D63.15,16S rDNA,05.D63_10kPa ,63,No_Urea_10kPa,2. No urea,LM,13.d,Bacteria,c_Deltaproteobacteria,
,D0.09,451,D0.09,16S rDNA,06.D0_1kPa ,0,No_Urea_1.0kPa,2. No urea,HM,14.d,Bacteria,c_Deltaproteobacteria,
,D0.10,591,D0.10,16S rDNA,06.D0_1kPa ,0,No_Urea_1.0kPa,2. No urea,HM,15.d,Bacteria,c_Deltaproteobacteria,
,D0.11,656,D0.11,16S rDNA,06.D0_1kPa ,0,No_Urea_1.0kPa,2. No urea,HM,16.d,Bacteria,c_Deltaproteobacteria,
,D7.09,466,D7.09,16S rDNA,07.D7_1kPa ,7,No_Urea_1.0kPa,2. No urea,HM,17.d,Bacteria,c_Deltaproteobacteria,
,D7.10,519,D7.10,16S rDNA,07.D7_1kPa ,7,No_Urea_1.0kPa,2. No urea,HM,18.d,Bacteria,c_Deltaproteobacteria,
,D7.11,503,D7.11,16S rDNA,07.D7_1kPa ,7,No_Urea_1.0kPa,2. No urea,HM,19.d,Bacteria,c_Deltaproteobacteria,
,D21.09,546,D21.09,16S rDNA,08.D21_1kPa ,21,No_Urea_1.0kPa,2. No urea,HM,20.d,Bacteria,c_Deltaproteobacteria,
,D21.10,569,D21.10,16S rDNA,08.D21_1kPa ,21,No_Urea_1.0kPa,2. No urea,HM,21.d,Bacteria,c_Deltaproteobacteria,
,D21.11,558,D21.11,16S rDNA,08.D21_1kPa ,21,No_Urea_1.0kPa,2. No urea,HM,22.d,Bacteria,c_Deltaproteobacteria,
,D63.09,720,D63.09,16S rDNA,09.D63_1kPa ,63,No_Urea_1.0kPa,2. No urea,HM,23.d,Bacteria,c_Deltaproteobacteria,
,D63.10,708,D63.10,16S rDNA,09.D63_1kPa ,63,No_Urea_1.0kPa,2. No urea,HM,24.d,Bacteria,c_Deltaproteobacteria,
,D63.11,623,D63.11,16S rDNA,09.D63_1kPa ,63,No_Urea_1.0kPa,2. No urea,HM,25.d,Bacteria,c_Deltaproteobacteria,
,D0.05,503,D0.05,16S rDNA,10.D0_10kPa_N,0,Urea_10kPa,1. urea,LM,26.d,Bacteria,c_Deltaproteobacteria,
,D0.07,638,D0.07,16S rDNA,10.D0_10kPa_N,0,Urea_10kPa,1. urea,LM,27.d,Bacteria,c_Deltaproteobacteria,
,D0.08,517,D0.08,16S rDNA,10.D0_10kPa_N,0,Urea_10kPa,1. urea,LM,28.d,Bacteria,c_Deltaproteobacteria,
,D7.08,508,D7.08,16S rDNA,11.D7_10kPa_N,7,Urea_10kPa,1. urea,LM,29.d,Bacteria,c_Deltaproteobacteria,
,D14.06,501,D14.06,16S rDNA,12.D14_10kPa_N,14,Urea_10kPa,1. urea,LM,30.d,Bacteria,c_Deltaproteobacteria,
,D14.07,553,D14.07,16S rDNA,12.D14_10kPa_N,14,Urea_10kPa,1. urea,LM,31.d,Bacteria,c_Deltaproteobacteria,
,D14.08,503,D14.08,16S rDNA,12.D14_10kPa_N,14,Urea_10kPa,1. urea,LM,32.d,Bacteria,c_Deltaproteobacteria,
,D21.08,508,D21.08,16S rDNA,13.D21_10kPa_N,21,Urea_10kPa,1. urea,LM,33.d,Bacteria,c_Deltaproteobacteria,
,D35.05,563,D35.05,16S rDNA,14.D35_10kPa_N,35,Urea_10kPa,1. urea,LM,34.d,Bacteria,c_Deltaproteobacteria,
,D35.06,445,D35.06,16S rDNA,14.D35_10kPa_N,35,Urea_10kPa,1. urea,LM,35.d,Bacteria,c_Deltaproteobacteria,
,D35.07,464,D35.07,16S rDNA,14.D35_10kPa_N,35,Urea_10kPa,1. urea,LM,36.d,Bacteria,c_Deltaproteobacteria,
,D63.05,391,D63.05,16S rDNA,15.D63_10kPa_N,63,Urea_10kPa,1. urea,LM,37.d,Bacteria,c_Deltaproteobacteria,
,D63.06,414,D63.06,16S rDNA,15.D63_10kPa_N,63,Urea_10kPa,1. urea,LM,38.d,Bacteria,c_Deltaproteobacteria,
,D63.07,340,D63.07,16S rDNA,15.D63_10kPa_N,63,Urea_10kPa,1. urea,LM,39.d,Bacteria,c_Deltaproteobacteria,
,D0.01,449,D0.01,16S rDNA,16.D0_1kPa_N,0,Urea_1.0kPa,1. urea,HM,40.d,Bacteria,c_Deltaproteobacteria,
,D0.02,649,D0.02,16S rDNA,16.D0_1kPa_N,0,Urea_1.0kPa,1. urea,HM,41.d,Bacteria,c_Deltaproteobacteria,
,D0.03,619,D0.03,16S rDNA,16.D0_1kPa_N,0,Urea_1.0kPa,1. urea,HM,42.d,Bacteria,c_Deltaproteobacteria,
,D7.01,383,D7.01,16S rDNA,17.D7_1kPa_N,7,Urea_1.0kPa,1. urea,HM,43.d,Bacteria,c_Deltaproteobacteria,
,D7.02,413,D7.02,16S rDNA,17.D7_1kPa_N,7,Urea_1.0kPa,1. urea,HM,44.d,Bacteria,c_Deltaproteobacteria,
,D7.03,336,D7.03,16S rDNA,17.D7_1kPa_N,7,Urea_1.0kPa,1. urea,HM,45.d,Bacteria,c_Deltaproteobacteria,
,D14.02,379,D14.02,16S rDNA,18.D14_1kPa_N,14,Urea_1.0kPa,1. urea,HM,46.d,Bacteria,c_Deltaproteobacteria,
,D14.03,389,D14.03,16S rDNA,18.D14_1kPa_N,14,Urea_1.0kPa,1. urea,HM,47.d,Bacteria,c_Deltaproteobacteria,
,D14.04,378,D14.04,16S rDNA,18.D14_1kPa_N,14,Urea_1.0kPa,1. urea,HM,48.d,Bacteria,c_Deltaproteobacteria,
,D21.01,385,D21.01,16S rDNA,19.D21_1kPa_N,21,Urea_1.0kPa,1. urea,HM,49.d,Bacteria,c_Deltaproteobacteria,
,D21.04,540,D21.04,16S rDNA,19.D21_1kPa_N,21,Urea_1.0kPa,1. urea,HM,50.d,Bacteria,c_Deltaproteobacteria,
,D35.01,256,D35.01,16S rDNA,20.D35_1kPa_N,35,Urea_1.0kPa,1. urea,HM,52.d,Bacteria,c_Deltaproteobacteria,
,D35.02,246,D35.02,16S rDNA,20.D35_1kPa_N,35,Urea_1.0kPa,1. urea,HM,53.d,Bacteria,c_Deltaproteobacteria,
,D35.03,276,D35.03,16S rDNA,20.D35_1kPa_N,35,Urea_1.0kPa,1. urea,HM,54.d,Bacteria,c_Deltaproteobacteria,
,D63.01,401,D63.01,16S rDNA,21.D63_1kPa_N,63,Urea_1.0kPa,1. urea,HM,55.d,Bacteria,c_Deltaproteobacteria,
,D63.02,428,D63.02,16S rDNA,21.D63_1kPa_N,63,Urea_1.0kPa,1. urea,HM,56.d,Bacteria,c_Deltaproteobacteria,
,D0.13,382,D0.13,16S rDNA,02.D0_10kPa ,0,No_Urea_10kPa,2. No urea,LM,04.d,Bacteria,c_Gammaproteobacteria,
,D0.14,361,D0.14,16S rDNA,02.D0_10kPa ,0,No_Urea_10kPa,2. No urea,LM,05.d,Bacteria,c_Gammaproteobacteria,
,D0.15,343,D0.15,16S rDNA,02.D0_10kPa ,0,No_Urea_10kPa,2. No urea,LM,06.d,Bacteria,c_Gammaproteobacteria,
,D7.13,381,D7.13,16S rDNA,03.D7_10kPa ,7,No_Urea_10kPa,2. No urea,LM,07.d,Bacteria,c_Gammaproteobacteria,
,D7.14,445,D7.14,16S rDNA,03.D7_10kPa ,7,No_Urea_10kPa,2. No urea,LM,08.d,Bacteria,c_Gammaproteobacteria,
,D7.15,453,D7.15,16S rDNA,03.D7_10kPa ,7,No_Urea_10kPa,2. No urea,LM,09.d,Bacteria,c_Gammaproteobacteria,
,D21.16,302,D21.16,16S rDNA,04.D21_10kPa ,21,No_Urea_10kPa,2. No urea,LM,10.d,Bacteria,c_Gammaproteobacteria,
,D63.13,323,D63.13,16S rDNA,05.D63_10kPa ,63,No_Urea_10kPa,2. No urea,LM,11.d,Bacteria,c_Gammaproteobacteria,
,D63.14,338,D63.14,16S rDNA,05.D63_10kPa ,63,No_Urea_10kPa,2. No urea,LM,12.d,Bacteria,c_Gammaproteobacteria,
,D63.15,308,D63.15,16S rDNA,05.D63_10kPa ,63,No_Urea_10kPa,2. No urea,LM,13.d,Bacteria,c_Gammaproteobacteria,
,D0.09,448,D0.09,16S rDNA,06.D0_1kPa ,0,No_Urea_1.0kPa,2. No urea,HM,14.d,Bacteria,c_Gammaproteobacteria,
,D0.10,408,D0.10,16S rDNA,06.D0_1kPa ,0,No_Urea_1.0kPa,2. No urea,HM,15.d,Bacteria,c_Gammaproteobacteria,
,D0.11,418,D0.11,16S rDNA,06.D0_1kPa ,0,No_Urea_1.0kPa,2. No urea,HM,16.d,Bacteria,c_Gammaproteobacteria,
,D7.09,360,D7.09,16S rDNA,07.D7_1kPa ,7,No_Urea_1.0kPa,2. No urea,HM,17.d,Bacteria,c_Gammaproteobacteria,
,D7.10,415,D7.10,16S rDNA,07.D7_1kPa ,7,No_Urea_1.0kPa,2. No urea,HM,18.d,Bacteria,c_Gammaproteobacteria,
,D7.11,454,D7.11,16S rDNA,07.D7_1kPa ,7,No_Urea_1.0kPa,2. No urea,HM,19.d,Bacteria,c_Gammaproteobacteria,
,D21.09,363,D21.09,16S rDNA,08.D21_1kPa ,21,No_Urea_1.0kPa,2. No urea,HM,20.d,Bacteria,c_Gammaproteobacteria,
,D21.10,326,D21.10,16S rDNA,08.D21_1kPa ,21,No_Urea_1.0kPa,2. No urea,HM,21.d,Bacteria,c_Gammaproteobacteria,
,D21.11,382,D21.11,16S rDNA,08.D21_1kPa ,21,No_Urea_1.0kPa,2. No urea,HM,22.d,Bacteria,c_Gammaproteobacteria,
,D63.09,369,D63.09,16S rDNA,09.D63_1kPa ,63,No_Urea_1.0kPa,2. No urea,HM,23.d,Bacteria,c_Gammaproteobacteria,
,D63.10,333,D63.10,16S rDNA,09.D63_1kPa ,63,No_Urea_1.0kPa,2. No urea,HM,24.d,Bacteria,c_Gammaproteobacteria,
,D63.11,292,D63.11,16S rDNA,09.D63_1kPa ,63,No_Urea_1.0kPa,2. No urea,HM,25.d,Bacteria,c_Gammaproteobacteria,
,D0.05,358,D0.05,16S rDNA,10.D0_10kPa_N,0,Urea_10kPa,1. urea,LM,26.d,Bacteria,c_Gammaproteobacteria,
,D0.07,389,D0.07,16S rDNA,10.D0_10kPa_N,0,Urea_10kPa,1. urea,LM,27.d,Bacteria,c_Gammaproteobacteria,
,D0.08,290,D0.08,16S rDNA,10.D0_10kPa_N,0,Urea_10kPa,1. urea,LM,28.d,Bacteria,c_Gammaproteobacteria,
,D7.08,263,D7.08,16S rDNA,11.D7_10kPa_N,7,Urea_10kPa,1. urea,LM,29.d,Bacteria,c_Gammaproteobacteria,
,D14.06,372,D14.06,16S rDNA,12.D14_10kPa_N,14,Urea_10kPa,1. urea,LM,30.d,Bacteria,c_Gammaproteobacteria,
,D14.07,378,D14.07,16S rDNA,12.D14_10kPa_N,14,Urea_10kPa,1. urea,LM,31.d,Bacteria,c_Gammaproteobacteria,
,D14.08,385,D14.08,16S rDNA,12.D14_10kPa_N,14,Urea_10kPa,1. urea,LM,32.d,Bacteria,c_Gammaproteobacteria,
,D21.08,374,D21.08,16S rDNA,13.D21_10kPa_N,21,Urea_10kPa,1. urea,LM,33.d,Bacteria,c_Gammaproteobacteria,
,D35.05,580,D35.05,16S rDNA,14.D35_10kPa_N,35,Urea_10kPa,1. urea,LM,34.d,Bacteria,c_Gammaproteobacteria,
,D35.06,569,D35.06,16S rDNA,14.D35_10kPa_N,35,Urea_10kPa,1. urea,LM,35.d,Bacteria,c_Gammaproteobacteria,
,D35.07,572,D35.07,16S rDNA,14.D35_10kPa_N,35,Urea_10kPa,1. urea,LM,36.d,Bacteria,c_Gammaproteobacteria,
,D63.05,633,D63.05,16S rDNA,15.D63_10kPa_N,63,Urea_10kPa,1. urea,LM,37.d,Bacteria,c_Gammaproteobacteria,
,D63.06,668,D63.06,16S rDNA,15.D63_10kPa_N,63,Urea_10kPa,1. urea,LM,38.d,Bacteria,c_Gammaproteobacteria,
,D63.07,716,D63.07,16S rDNA,15.D63_10kPa_N,63,Urea_10kPa,1. urea,LM,39.d,Bacteria,c_Gammaproteobacteria,
,D0.01,381,D0.01,16S rDNA,16.D0_1kPa_N,0,Urea_1.0kPa,1. urea,HM,40.d,Bacteria,c_Gammaproteobacteria,
,D0.02,381,D0.02,16S rDNA,16.D0_1kPa_N,0,Urea_1.0kPa,1. urea,HM,41.d,Bacteria,c_Gammaproteobacteria,
,D0.03,351,D0.03,16S rDNA,16.D0_1kPa_N,0,Urea_1.0kPa,1. urea,HM,42.d,Bacteria,c_Gammaproteobacteria,
,D7.01,486,D7.01,16S rDNA,17.D7_1kPa_N,7,Urea_1.0kPa,1. urea,HM,43.d,Bacteria,c_Gammaproteobacteria,
,D7.02,432,D7.02,16S rDNA,17.D7_1kPa_N,7,Urea_1.0kPa,1. urea,HM,44.d,Bacteria,c_Gammaproteobacteria,
,D7.03,410,D7.03,16S rDNA,17.D7_1kPa_N,7,Urea_1.0kPa,1. urea,HM,45.d,Bacteria,c_Gammaproteobacteria,
,D14.02,635,D14.02,16S rDNA,18.D14_1kPa_N,14,Urea_1.0kPa,1. urea,HM,46.d,Bacteria,c_Gammaproteobacteria,
,D14.03,371,D14.03,16S rDNA,18.D14_1kPa_N,14,Urea_1.0kPa,1. urea,HM,47.d,Bacteria,c_Gammaproteobacteria,
,D14.04,526,D14.04,16S rDNA,18.D14_1kPa_N,14,Urea_1.0kPa,1. urea,HM,48.d,Bacteria,c_Gammaproteobacteria,
,D21.01,524,D21.01,16S rDNA,19.D21_1kPa_N,21,Urea_1.0kPa,1. urea,HM,49.d,Bacteria,c_Gammaproteobacteria,
,D21.04,518,D21.04,16S rDNA,19.D21_1kPa_N,21,Urea_1.0kPa,1. urea,HM,50.d,Bacteria,c_Gammaproteobacteria,
,D35.01,621,D35.01,16S rDNA,20.D35_1kPa_N,35,Urea_1.0kPa,1. urea,HM,52.d,Bacteria,c_Gammaproteobacteria,
,D35.02,577,D35.02,16S rDNA,20.D35_1kPa_N,35,Urea_1.0kPa,1. urea,HM,53.d,Bacteria,c_Gammaproteobacteria,
,D35.03,510,D35.03,16S rDNA,20.D35_1kPa_N,35,Urea_1.0kPa,1. urea,HM,54.d,Bacteria,c_Gammaproteobacteria,
,D63.01,362,D63.01,16S rDNA,21.D63_1kPa_N,63,Urea_1.0kPa,1. urea,HM,55.d,Bacteria,c_Gammaproteobacteria,
,D63.02,425,D63.02,16S rDNA,21.D63_1kPa_N,63,Urea_1.0kPa,1. urea,HM,56.d,Bacteria,c_Gammaproteobacteria,